5	5	5
5.20545	7.19424	5.34396
5.77721	9.47187	5.95534
6.6743	11.9334	6.94191
7.87569	14.6161	8.46166
9.36304	17.4672	10.7177
11.0999	20.2997	13.9333
13.0061	22.7424	18.284
14.9294	24.2264	23.7657
16.6303	24.084	30.0215
17.8025	21.8204	36.24
18.1513	17.4799	41.3112
17.5104	11.8153	44.2938
15.9273	6.00404	44.8994
13.6487	1.07643	43.5713
11.0157	-2.47522	41.1229
8.34537	-4.6813	38.3025
5.86175	-5.8495	35.5823
3.6853	-6.33793	33.1698
1.85467	-6.44134	31.1061
0.356438	-6.36517	29.3565
-0.850208	-6.23897	27.8653
-1.81684	-6.13879	26.5812
-2.59598	-6.10628	25.4655
-3.23607	-6.16225	24.4924
-3.77932	-6.31537	23.6473
-4.26113	-6.56754	22.9239
-4.71046	-6.91681	22.3225
-5.15043	-7.35885	21.8487
-5.59898	-7.88723	21.5119
-6.06939	-8.49288	21.3253
-6.57059	-9.16288	21.3046
-7.10701	-9.87883	21.4668
-7.67833	-10.615	21.8283
-8.27875	-11.3365	22.402
-8.89633	-11.9988	23.1927
-9.51229	-12.5481	24.1924
-10.101	-12.9257	25.374
-10.6308	-13.0743	26.6874
-11.0663	-12.949	28.0583
-11.3727	-12.5285	29.3927
-11.5202	-11.8244	30.5882
-11.4904	-10.8846	31.55
-11.2795	-9.78742	32.2074
-10.9006	-8.62752	32.5252
-10.3818	-7.49861	32.5069
-9.76146	-6.47787	32.1878
-9.08297	-5.617	31.6234
-8.38853	-4.9409	30.8764
-7.71504	-4.45202	30.0065
-7.09162	-4.13759	29.0648
-6.53895	-3.97688	28.0916
-6.06992	-3.94701	27.1172
-5.69107	-4.02682	26.1638
-5.40423	-4.19887	25.2478
-5.20816	-4.45024	24.3822
-5.09992	-4.77237	23.5776
-5.07592	-5.16044	22.8441
-5.13262	-5.6125	22.1922
-5.26696	-6.12845	21.6333
-5.4765	-6.70887	21.1805
-5.75932	-7.35371	20.8492
-6.11365	-8.06082	20.657
-6.53732	-8.82407	20.624
-7.0269	-9.63131	20.772
-7.57665	-10.4619	21.1226
-8.17713	-11.2847	21.6951
-8.81385	-12.0561	22.5019
-9.46588	-12.7204	23.5424
-10.105	-13.2124	24.7964
-10.696	-13.465	26.2176
-11.1986	-13.42	27.7306
-11.571	-13.0427	29.2334
-11.7762	-12.3352	30.609
-11.7884	-11.3427	31.7435
-11.5981	-10.1499	32.5475
-11.2158	-8.86527	32.972
-10.6702	-7.60008	33.0143
-10.0035	-6.44791	32.7121
-9.26466	-5.47232	32.1288
-8.50207	-4.70411	31.3375
-7.7583	-4.14644	30.4077
-7.06685	-3.78371	29.3982
-6.45129	-3.59065	28.3544
-5.92602	-3.53955	27.3095
-5.49797	-3.60494	26.2869
-5.1686	-3.76608	25.303
-4.93587	-4.00773	24.3701
-4.79586	-4.31997	23.4978
-4.74399	-4.69749	22.6953
-4.77592	-5.13861	21.9716
-4.88803	-5.64418	21.337
-5.07766	-6.21646	20.8036
-5.3431	-6.85785	20.3858
-5.68327	-7.56946	20.1011
-6.09723	-8.34938	19.9699
-6.58341	-9.19046	20.0156
-7.13855	-10.0778	20.2637
-7.75632	-10.9858	20.7399
-8.42567	-11.8753	21.466
-9.12907	-12.6922	22.4544
-9.84091	-13.3676	23.7002
-10.5268	-13.8231	25.1729
-11.1441	-13.9807	26.8081
-11.6451	-13.7793	28.5065
-11.9828	-13.1924	30.1397
-12.1181	-12.2428	31.569
-12.0284	-11.0061	32.6704
-11.7129	-9.59913	33.3602
-11.1941	-8.15547	33.6093
-10.5141	-6.79809	33.4433
-9.72686	-5.61818	32.9274
-8.88933	-4.66647	32.1462
-8.05377	-3.95643	31.1847
-7.26267	-3.47443	30.1163
-6.54674	-3.19164	28.9978
-5.92532	-3.07408	27.8702
-5.40813	-3.08941	26.7611
-4.99774	-3.2106	25.6889
-4.69199	-3.41737	24.6662
-4.48603	-3.6961	23.7019
-4.37403	-4.03908	22.8036
-4.35026	-4.44341	21.9787
-4.40988	-4.90985	21.2354
-4.5493	-5.44165	20.5833
-4.76632	-6.04346	20.0345
-5.06003	-6.72002	19.604
-5.43043	-7.47476	19.3104
-5.87786	-8.30789	19.1761
-6.40219	-9.21407	19.2277
-7.00157	-10.1794	19.4951
-7.67088	-11.1777	20.0094
-8.39976	-12.1671	20.7989
-9.17041	-13.087	21.8828
-9.95552	-13.8582	23.2611
-10.7169	-14.3874	24.904
-11.406	-14.5797	26.7412
-11.9672	-14.3583	28.6579
-12.3445	-13.6881	30.5023
-12.4916	-12.5954	32.1083
-12.3811	-11.1727	33.3281
-12.0129	-9.56328	34.0652
-11.4151	-7.92921	34.2927
-10.6387	-6.41525	34.0505
-9.7483	-5.12331	33.4242
-8.81022	-4.10388	32.5183
-7.88363	-3.36272	31.4327
-7.01493	-2.8753	30.2497
-6.23606	-2.60214	29.0295
-5.56554	-2.50055	27.813
-5.01116	-2.53206	26.6261
-4.57295	-2.66581	25.4845
-4.24618	-2.87952	24.3979
-4.0237	-3.15887	23.373
-3.8977	-3.49634	22.4149
-3.86095	-3.88983	21.529
-3.90757	-4.34134	20.7215
-4.03339	-4.85585	20.0003
-4.23609	-5.44024	19.3755
-4.51514	-6.1022	18.8604
-4.87144	-6.84903	18.4722
-5.30692	-7.68604	18.2327
-5.82376	-8.61438	18.1689
-6.42336	-9.6281	18.3131
-7.10479	-10.7102	18.7021
-7.86283	-11.828	19.3747
-8.68542	-12.9282	20.3659
-9.55075	-13.933	21.6979
-10.4246	-14.7411	23.3672
-11.2589	-15.2348	25.3288
-11.9929	-15.2994	27.4836
-12.5584	-14.8513	29.6758
-12.8899	-13.8702	31.7089
-12.9379	-12.4206	33.3814
-12.6816	-10.6484	34.5343
-12.1356	-8.74895	35.0885
-11.3479	-6.91834	35.0571
-10.3902	-5.30978	34.5275
-9.34265	-4.01098	33.6256
-8.28085	-3.0459	32.4805
-7.26631	-2.39199	31.2017
-6.34262	-2.00153	29.8695
-5.53592	-1.81934	28.5371
-4.85783	-1.79407	27.2363
-4.3094	-1.88382	25.9847
-3.88491	-2.0576	24.7914
-3.57505	-2.29482	23.6611
-3.36931	-2.5836	22.5964
-3.25762	-2.91907	21.5998
-3.23135	-3.3017	20.6739
-3.28395	-3.73596	19.8229
-3.41113	-4.22924	19.0525
-3.61093	-4.79104	18.3709
-3.88361	-5.43211	17.7893
-4.23136	-6.1636	17.3231
-4.65797	-6.99584	16.9925
-5.16818	-7.9366	16.824
-5.76686	-8.9884	16.8511
-6.45764	-10.1446	17.1148
-7.24107	-11.3843	17.6626
-8.11189	-12.6651	18.5449
-9.0556	-13.9168	19.8073
-10.0445	-15.0357	21.4775
-11.0341	-15.8862	23.5456
-11.9612	-16.3141	25.9423
-12.7468	-16.1766	28.5217
-13.3045	-15.386	31.064
-13.5566	-13.9545	33.307
-13.4531	-12.0133	35.0067
-12.9862	-9.79082	36.0035
-12.1956	-7.55114	36.2615
-11.1593	-5.52334	35.8621
-9.97532	-3.85373	34.9596
-8.7417	-2.59625	33.7267
-7.54126	-1.7323	32.314
-6.43411	-1.20175	30.8322
-5.45688	-0.930357	29.3522
-4.62624	-0.847643	27.9136
-3.94418	-0.895558	26.5356
-3.40318	-1.03089	25.2256
-2.99056	-1.22429	23.9851
-2.69176	-1.45787	22.8131
-2.49247	-1.72268	21.7082
-2.38	-2.01636	20.669
-2.34402	-2.3414	19.6955
-2.37687	-2.70383	18.7882
-2.47363	-3.11232	17.9495
-2.63204	-3.57768	17.1832
-2.85239	-4.11246	16.4958
-3.13732	-4.73063	15.8966
-3.49165	-5.44726	15.3991
-3.92208	-6.27776	15.0222
-4.43686	-7.23667	14.7916
-5.04511	-8.33544	14.7419
-5.75582	-9.57873	14.9181
-6.57612	-10.9587	15.3767
-7.50864	-12.4469	16.1842
-8.54761	-13.9832	17.4126
-9.67354	-15.4649	19.1263
-10.8472	-16.7384	21.3602
-12.0039	-17.6036	24.0872
-13.0522	-17.8414	27.1821
-13.8799	-17.2701	30.4013
-14.3716	-15.821	33.4019
-14.4361	-13.5985	35.8169
-14.0343	-10.8792	37.3643
-13.1951	-8.0351	37.9358
-12.009	-5.41555	37.6133
-10.6035	-3.25453	36.608
-9.11209	-1.64211	35.1703
-7.64869	-0.5527	33.5177
-6.29521	0.103904	31.8041
-5.09994	0.437538	30.1204
-4.08298	0.549867	28.511
-3.24416	0.522381	26.9915
-2.57066	0.414373	25.5629
-2.04311	0.265686	24.2199
-1.63992	0.100967	22.9554
-1.34005	-0.0661612	21.7626
-1.12453	-0.229659	20.6358
-0.977263	-0.388472	19.5704
-0.885188	-0.544706	18.5624
-0.838188	-0.702421	17.6087
-0.828842	-0.866908	16.7069
-0.852117	-1.04431	15.8548
-0.905072	-1.2415	15.0509
-0.98662	-1.46613	14.2941
-1.09734	-1.7268	13.584
-1.23938	-2.03333	12.9212
-1.4164	-2.39708	12.3074
-1.63366	-2.83131	11.7457
-1.89805	-3.35159	11.2418
-2.21829	-3.97608	10.8046
-2.60507	-4.72578	10.4476
-3.0712	-5.62434	10.1907
-3.63166	-6.69733	10.0631
-4.30338	-7.97024	10.1066
-5.10454	-9.46442	10.3798
-6.05296	-11.1896	10.9625
-7.16296	-13.1313	11.9585
-8.43988	-15.2314	13.4944
-9.87148	-17.362	15.7054
-11.4158	-19.2984	18.7021
-12.9876	-20.7079	22.5074
-14.4487	-21.1835	26.9708
-15.6134	-20.3543	31.6977
-16.2794	-18.0623	36.0675
-16.2858	-14.5174	39.4003
-15.5742	-10.2913	41.2229
-14.2189	-6.10428	41.4613
-12.402	-2.54067	40.4188
-10.3514	0.11714	38.5768
-8.27695	1.87109	36.3851
-6.33264	2.88861	34.153
-4.60829	3.38547	32.0442
-3.13958	3.55656	30.1189
-1.92453	3.55086	28.3807
-0.938942	3.47137	26.8101
-0.147895	3.3845	25.3825
0.486644	3.33069	24.0762
1.00144	3.33343	22.8747
1.4298	3.40591	21.7669
1.80081	3.55566	20.7462
2.13934	3.78772	19.8097
2.46665	4.10662	18.9579
2.80096	4.51754	18.1945
3.15827	5.0269	17.5263
3.55296	5.64238	16.9645
3.99828	6.37244	16.5249
4.50659	7.22522	16.2294
5.08933	8.20655	16.1072
5.75645	9.31683	16.1959
6.51533	10.5463	16.5419
7.36879	11.8688	17.199
8.31219	13.2332	18.2245
9.3295	14.5553	19.6694
10.3887	15.7121	21.5615
11.4379	16.5445	23.8817
12.4034	16.876	26.5379
13.1945	16.5523	29.3472
13.7152	15.4955	32.0447
13.884	13.7536	34.3313
13.656	11.5121	35.9505
13.038	9.05302	36.7627
12.0896	6.67269	36.7771
10.908	4.6023	36.1252
9.60482	2.96654	34.9992
8.28447	1.78791	33.5905
7.02922	1.01889	32.0513
5.89422	0.578966	30.4845
4.90927	0.382554	28.9501
4.08405	0.354719	27.4778
3.41446	0.437148	26.0789
2.88814	0.588403	24.7555
2.48888	0.781543	23.5052
2.19963	1.00099	22.3249
2.00444	1.23956	21.211
1.88954	1.49613	20.161
1.84389	1.77379	19.1731
1.85927	2.07865	18.2466
1.93032	2.41912	17.3817
2.05433	2.80544	16.5801
2.2311	3.24955	15.8451
2.4628	3.765	15.1823
2.7538	4.36697	14.6
3.11057	5.07213	14.1109
3.54154	5.89822	13.733
4.05687	6.86311	13.4915
4.66798	7.98284	13.421
5.3867	9.26821	13.5682
6.22375	10.719	13.9934
7.1862	12.3153	14.7712
8.27338	14.0047	15.9874
9.47107	15.6879	17.7273
10.7441	17.2045	20.0534
12.0284	18.3307	22.9679
13.2268	18.8021	26.365
14.2123	18.3748	29.9934
14.8461	16.9213	33.4632
15.0098	14.5202	36.3253
14.6425	11.4771	38.211
13.7649	8.23905	38.9599
12.4763	5.24151	38.6557
10.925	2.77931	37.5545
9.26865	0.963543	35.9645
7.64187	-0.24176	34.1506
6.13987	-0.951841	32.2937
4.81706	-1.30276	30.4947
3.69424	-1.41721	28.7976
2.7686	-1.39117	27.2136
2.02307	-1.29307	25.7378
1.43351	-1.16824	24.3599
0.973646	-1.04465	23.069
0.618115	-0.9382	21.8557
0.344043	-0.856955	20.7123
0.131734	-0.804213	19.6328
-0.0352701	-0.780704	18.6125
-0.170453	-0.786053	17.6474
-0.284763	-0.819739	16.7345
-0.387103	-0.881701	15.8709
-0.484826	-0.972722	15.0545
-0.584197	-1.09469	14.2834
-0.690799	-1.25076	13.5561
-0.809917	-1.44558	12.8718
-0.946867	-1.68544	12.23
-1.10732	-1.97852	11.6314
-1.29758	-2.33515	11.0778
-1.52495	-2.76816	10.5725
-1.79795	-3.29319	10.1213
-2.1267	-3.92904	9.73347
-2.52322	-4.69787	9.42301
-3.00164	-5.62502	9.21094
-3.57841	-6.7383	9.1282
-4.27209	-8.06582	9.21942
-5.10268	-9.63162	9.54782
-6.08994	-11.4474	10.2003
-7.24993	-13.4984	11.2912
-8.58897	-15.7208	12.9605
-10.0938	-17.9725	15.3589
-11.7178	-20.0007	18.6083
-13.3655	-21.4304	22.7282
-14.8819	-21.807	27.5359
-16.0601	-20.7302	32.5679
-16.6796	-18.0638	37.1159
-16.5744	-14.1013	40.4378
-15.7006	-9.52582	42.0688
-14.1622	-5.13562	42.0135
-12.1734	-1.52293	40.6733
-9.98409	1.07571	38.5975
-7.81219	2.72196	36.2566
-5.80845	3.62857	33.9497
-4.05383	4.03532	31.8187
-2.57402	4.14504	29.9036
-1.35834	4.10605	28.1943
-0.375937	4.01739	26.663
0.412746	3.94104	25.281
1.04881	3.91375	24.0248
1.57093	3.95631	22.8781
2.01362	4.08014	21.8306
2.40665	4.29173	20.8773
2.77536	4.59551	20.0173
3.14126	4.99553	19.254
3.52271	5.49627	18.5943
3.93561	6.1028	18.0496
4.39392	6.82023	17.636
4.90992	7.65248	17.3754
5.49409	8.60014	17.2962
6.15456	9.65734	17.4334
6.89599	10.8072	17.8289
7.71765	12.016	18.5282
8.61076	13.2271	19.5756
9.55523	14.3549	21.0035
10.5163	15.2838	22.8171
11.442	15.8753	24.9751
12.2644	15.9892	27.3714
12.9048	15.5182	29.8291
13.2856	14.4298	32.1173
13.3471	12.7956	33.9953
13.0631	10.7894	35.273
12.4505	8.64655	35.8598
11.5664	6.60084	35.7795
10.4954	4.82914	35.1452
9.33096	3.42529	34.1118
8.15935	2.40574	32.8322
7.04866	1.73372	31.4299
6.04519	1.34653	29.9913
5.17475	1.17651	28.5696
4.4468	1.16344	27.1941
3.85929	1.25974	25.8787
3.4032	1.43124	24.6291
3.0661	1.65572	23.4465
2.83471	1.92067	22.331
2.69663	2.22103	21.2823
2.64136	2.55736	20.3008
2.66078	2.9343	19.3878
2.74939	3.35959	18.5463
2.90434	3.84328	17.7809
3.12526	4.39725	17.099
3.41417	5.0347	16.5109
3.77517	5.76959	16.0311
4.21416	6.61575	15.6799
4.73835	7.58528	15.4841
5.3555	8.68613	15.4793
6.0727	9.91807	15.7104
6.8945	11.2668	16.2325
7.8201	12.6959	17.1077
8.83943	14.137	18.399
9.92811	15.4812	20.156
11.0422	16.5745	22.3926
12.1144	17.2286	25.0566
13.0544	17.2522	28.0019
13.7576	16.5068	30.9794
14.1233	14.9704	33.6678
14.0796	12.778	35.7489
13.6058	10.2039	37.0012
12.742	7.58306	37.3638
11.5793	5.21178	36.9351
10.2366	3.27734	35.9126
8.83335	1.84353	34.517
7.46947	0.879167	32.9358
6.21567	0.301777	31.3009
5.11309	0.0144735	29.6908
4.17836	-0.0715406	28.145
3.41061	-0.0272839	26.679
2.79806	0.0956111	25.2951
2.32336	0.262595	23.99
1.96738	0.452611	22.7588
1.71159	0.654565	21.5965
1.53953	0.864378	20.4987
1.43746	1.08277	19.4622
1.39457	1.3137	18.4843
1.40296	1.56339	17.5634
1.45746	1.83972	16.6985
1.55538	2.15198	15.8896
1.69635	2.51088	15.1381
1.88213	2.92861	14.4465
2.11654	3.41905	13.8196
2.4054	3.99797	13.2649
2.7565	4.68312	12.7939
3.17962	5.49404	12.4232
3.68645	6.45146	12.177
4.29028	7.57568	12.0889
5.00544	8.88356	12.2055
5.84598	10.3831	12.5893
6.82334	12.0644	13.3205
7.94243	13.8864	14.4959
9.1955	15.7588	16.2208
10.5536	17.5225	18.5872
11.9569	18.9384	21.6338
13.3061	19.701	25.2881
14.4628	19.4987	29.3094
15.2652	18.1266	33.2731
15.5638	15.6118	36.6462
15.2683	12.2701	38.9536
14.3836	8.62296	39.9564
13.0128	5.20791	39.7231
11.3243	2.39987	38.5528
9.50267	0.343699	36.8201
7.70656	-1.00299	34.8465
6.04754	-1.78178	32.8471
4.5882	-2.15792	30.936
3.35119	-2.27774	29.1578
2.33161	-2.25353	27.5186
1.50834	-2.16388	26.0074
0.852485	-2.06012	24.6087
0.333055	-1.97378	23.3078
-0.0797069	-1.92311	22.0928
-0.41263	-1.91807	20.9548
-0.689006	-1.96398	19.8875
-0.928637	-2.06402	18.8865
-1.14825	-2.22095	17.949
-1.36209	-2.4382	17.0737
-1.58257	-2.72066	16.2609
-1.82091	-3.07513	15.5124
-2.08773	-3.51063	14.8319
-2.3936	-4.03859	14.2262
-2.74946	-4.67286	13.7053
-3.16699	-5.42945	13.2842
-3.6588	-6.32585	12.9846
-4.23844	-7.37959	12.8368
-4.91995	-8.60551	12.8825
-5.71696	-10.0111	13.1774
-6.64066	-11.5886	13.7928
-7.6966	-13.3041	14.8154
-8.87943	-15.0814	16.3402
-10.1657	-16.7857	18.4537
-11.5053	-18.2112	21.2011
-12.8135	-19.0888	24.5377
-13.9695	-19.1306	28.2772
-14.827	-18.1199	32.0672
-15.2428	-16.0235	35.4357
-15.1171	-13.0621	37.9211
-14.4296	-9.67094	39.2348
-13.2517	-6.35102	39.3568
-11.7247	-3.49967	38.5038
-10.0189	-1.31732	37.0056
-8.29142	0.18218	35.1782
-6.66162	1.10185	33.2536
-5.20337	1.58826	31.3692
-3.95056	1.78304	29.5891
-2.90759	1.80109	27.9328
-2.06017	1.72619	26.3971
-1.38402	1.61492	24.9705
-0.851086	1.503	23.64
-0.433362	1.41155	22.3943
-0.105063	1.35206	21.2241
0.156416	1.33026	20.1227
0.370293	1.34872	19.0845
0.552624	1.40875	18.1058
0.716776	1.5116	17.1836
0.873977	1.65928	16.3157
1.0339	1.85507	15.501
1.20521	2.10396	14.739
1.39608	2.41288	14.0307
1.61467	2.791	13.3782
1.86956	3.24994	12.7858
2.1701	3.80398	12.2603
2.52683	4.4702	11.8125
2.95169	5.26827	11.4585
3.45825	6.21998	11.2216
4.06166	7.34781	11.1351
4.77826	8.67202	11.2458
5.62449	10.2054	11.6175
6.61478	11.9443	12.3342
7.75764	13.8543	13.5001
9.0494	15.8504	15.2335
10.4651	17.7739	17.6453
11.9471	19.3747	20.7984
13.3946	20.3188	24.6421
14.6607	20.248	28.9411
15.5675	18.9035	33.2449
15.944	16.2791	36.9585
15.6801	12.7029	39.5308
14.7715	8.75605	40.6707
13.3267	5.05182	40.4442
11.5309	2.01971	39.1898
9.58842	-0.178387	37.3342
7.67452	-1.59671	35.2398
5.91084	-2.40028	33.1422
4.36391	-2.77675	31.1613
3.05607	-2.8888	29.3386
1.97985	-2.85887	27.6749
1.11057	-2.7712	26.1537
0.415723	-2.68003	24.7557
-0.139024	-2.61834	23.4634
-0.586367	-2.60521	22.2638
-0.955669	-2.6513	21.1472
-1.27243	-2.76275	20.1079
-1.55844	-2.94383	19.1423
-1.83227	-3.19869	18.2496
-2.10997	-3.53248	17.4309
-2.40575	-3.95201	16.6901
-2.73267	-4.46603	16.0337
-3.10318	-5.08525	15.4722
-3.52958	-5.82197	15.0206
-4.02426	-6.68917	14.7003
-4.59966	-7.69888	14.5406
-5.26782	-8.85926	14.5807
-6.03938	-10.17	14.871
-6.9217	-11.6154	15.4739
-7.91572	-13.1545	16.4613
-9.01154	-14.7092	17.9066
-10.1825	-16.1533	19.868
-11.3788	-17.307	22.361
-12.5231	-17.9504	25.3214
-13.5112	-17.8638	28.5709
-14.2233	-16.8977	31.8098
-14.5475	-15.0514	34.6607
-14.4093	-12.5142	36.7675
-13.7978	-9.62886	37.9092
-12.7725	-6.78521	38.0646
-11.4474	-4.29971	37.3897
-9.96024	-2.34611	36.1336
-8.4417	-0.95622	34.5468
-6.99461	-0.0652097	32.8251
-5.68665	0.435049	31.0949
-4.55278	0.656911	29.4242
-3.60258	0.696438	27.8416
-2.82863	0.626728	26.354
-2.21368	0.498858	24.9575
-1.73612	0.345869	23.645
-1.3736	0.187328	22.4089
-1.1052	0.0333513	21.2424
-0.912595	-0.112235	20.1399
-0.7805	-0.249601	19.0969
-0.696669	-0.381336	18.1096
-0.651692	-0.511445	17.1749
-0.638673	-0.644762	16.2901
-0.652899	-0.786663	15.453
-0.691525	-0.942989	14.6617
-0.753333	-1.12011	13.9148
-0.83854	-1.32511	13.211
-0.948694	-1.56602	12.55
-1.08663	-1.8521	11.932
-1.25649	-2.19426	11.3584
-1.46383	-2.60541	10.832
-1.71576	-3.10084	10.3576
-2.02112	-3.69873	9.94321
-2.39075	-4.42032	9.60096
-2.83766	-5.29006	9.3492
-3.37721	-6.33508	9.21498
-4.02703	-7.58365	9.23764
-4.80653	-9.06173	9.47321
-5.73561	-10.7863	9.99951
-6.83193	-12.7536	10.9207
-8.10585	-14.9198	12.3677
-9.55208	-17.1738	14.4895
-11.1373	-19.3053	17.4229
-12.7849	-20.9826	21.2322
-14.3617	-21.7719	25.8164
-15.6773	-21.2368	30.8158
-16.5111	-19.127	35.5974
-16.671	-15.5763	39.403
-16.0652	-11.148	41.6428
-14.7466	-6.63286	42.1515
-12.8967	-2.71895	41.2113
-10.7601	0.231444	39.345
-8.57042	2.18905	37.0648
-6.50283	3.32788	34.7308
-4.66152	3.88638	32.5341
-3.08959	4.0828	30.5448
-1.78739	4.08401	28.7662
-0.729954	4.0048	27.1747
0.119927	3.91865	25.7412
0.803141	3.87002	24.4404
1.35932	3.88447	23.2534
1.82438	3.97617	22.1681
2.22964	4.15301	21.1775
2.60188	4.41996	20.2795
2.9638	4.78113	19.4756
3.33474	5.2409	18.7714
3.73142	5.80431	18.1763
4.16845	6.47681	17.7044
4.65879	7.26332	17.3752
5.21373	8.16651	17.2143
5.84259	9.18407	17.2542
6.55184	10.3048	17.5345
7.34348	11.5031	18.1002
8.21268	12.7331	18.9979
9.14474	13.9217	20.2678
10.1115	14.9648	21.9301
11.0682	15.7303	23.9666
11.9528	16.073	26.3007
12.6891	15.8635	28.7839
13.196	15.0308	31.2016
13.4028	13.5994	33.3065
13.2664	11.7043	34.8755
12.7847	9.56524	35.7691
11.9993	7.42881	35.9632
10.9862	5.50466	35.54
9.83888	3.92448	34.6455
8.64954	2.73528	33.4409
7.49571	1.91829	32.0658
6.43352	1.41728	30.6236
5.49723	1.16329	29.1809
4.70255	1.09089	27.7757
4.05146	1.14612	26.4274
3.53709	1.28875	25.144
3.14778	1.49149	23.928
2.87005	1.73786	22.7793
2.69072	2.01981	21.6975
2.59817	2.3357	20.6824
2.58305	2.68852	19.7346
2.63857	3.08479	18.856
2.76062	3.53361	18.0503
2.94768	4.04614	17.3232
3.2007	4.6351	16.683
3.52286	5.31438	16.1418
3.91933	6.09827	15.7166
4.39692	7.00045	15.4303
4.96345	8.03199	15.3136
5.62688	9.19835	15.4065
6.39382	10.4945	15.759
7.26726	11.898	16.4307
8.24324	13.3599	17.487
9.30635	14.7944	18.9889
10.4243	16.0712	20.9758
11.5429	17.0161	23.4381
12.5832	17.4296	26.2856
13.4455	17.1305	29.3238
14.0217	16.0203	32.26
14.2185	14.1434	34.7552
13.9829	11.7062	36.5159
13.3205	9.02945	37.3832
12.2974	6.45047	37.3719
11.0228	4.22813	36.6384
9.62113	2.49541	35.4051
8.20721	1.26771	33.8875
6.86981	0.483121	32.2521
5.6667	0.0462514	30.6069
4.62731	-0.140358	29.0111
3.75927	-0.159765	27.4913
3.05561	-0.075224	26.0553
2.50096	0.0690761	24.7016
2.07627	0.244736	23.4255
1.76199	0.435348	22.2214
1.53996	0.633108	21.0844
1.39452	0.836136	20.0102
1.31287	1.04653	18.9956
1.28521	1.26906	18.0382
1.30455	1.51034	17.1364
1.36649	1.77842	16.289
1.46903	2.08263	15.4962
1.61234	2.43363	14.759
1.79861	2.84356	14.08
2.03202	3.32629	13.4637
2.31867	3.89765	12.9172
2.66663	4.57559	12.4518
3.08593	5.38003	12.0836
3.58856	6.33231	11.8362
4.18824	7.4538	11.7431
4.89984	8.7629	11.8503
5.73822	10.2698	12.2203
6.71597	11.9677	12.9343
7.83951	13.819	14.0914
9.10302	15.7371	15.8015
10.4798	17.5654	18.1645
11.9116	19.0629	21.2299
13.3	19.9153	24.9372
14.5045	19.7932	29.0531
15.3578	18.4674	33.1487
15.7015	15.9449	36.6701
15.4361	12.5373	39.1107
14.5598	8.78363	40.2039
13.1751	5.2506	40.0083
11.4549	2.33936	38.8316
9.59113	0.207987	37.0668
7.74962	-1.18536	35.053
6.04717	-1.9887	33.0161
4.54924	-2.37541	31.0752
3.27948	-2.49867	29.2756
2.23274	-2.4756	27.6223
1.38699	-2.38787	26.1027
0.71215	-2.28864	24.6998
0.176024	-2.21054	23.3981
-0.252298	-2.17246	22.1849
-0.600691	-2.18486	21.0511
-0.893382	-2.2535	19.9902
-1.15102	-2.38206	18.9983
-1.39114	-2.57388	18.073
-1.62875	-2.83313	17.2138
-1.87702	-3.16551	16.4222
-2.14799	-3.57873	15.7013
-2.45308	-4.08277	15.0574
-2.80368	-4.68986	14.4997
-3.21153	-5.41427	14.0423
-3.68898	-6.27167	13.7052
-4.24901	-7.27777	13.5168
-4.90489	-8.44579	13.5152
-5.66938	-9.78228	13.7515
-6.55292	-11.2802	14.2909
-7.5608	-12.9091	15.212
-8.68854	-14.6011	16.6015
-9.91552	-16.2364	18.5388
-11.1973	-17.6323	21.0691
-12.4588	-18.5475	24.1606
-13.5915	-18.7181	27.6589
-14.4625	-17.9322	31.2608
-14.9372	-16.1289	34.5457
-14.9146	-13.4695	37.0797
-14.3618	-10.3217	38.5596
-13.3289	-7.14243	38.914
-11.9361	-4.32495	38.2984
-10.3382	-2.09753	36.998
-8.68662	-0.512626	35.3114
-7.10233	0.50037	33.4737
-5.66534	1.06811	31.6352
-4.41706	1.32342	29.8737
-3.36896	1.37944	28.2194
-2.51243	1.32168	26.6765
-1.82746	1.20949	25.2377
-1.28895	1.08129	23.8924
-0.870881	0.960162	22.6302
-0.54884	0.858756	21.4424
-0.301201	0.783078	20.3221
-0.109575	0.735214	19.2637
0.0412589	0.715231	18.2628
0.163689	0.722429	17.3157
0.267724	0.756156	16.4196
0.361486	0.816306	15.5716
0.451683	0.903646	14.7697
0.544046	1.02002	14.012
0.643713	1.16851	13.2969
0.755581	1.35362	12.6235
0.884618	1.58141	11.9913
1.03616	1.85979	11.4006
1.21619	2.19871	10.853
1.43165	2.61057	10.3512
1.69071	3.11052	9.90047
2.0031	3.71684	9.50889
2.38041	4.45124	9.18913
2.83638	5.3388	8.96022
3.38712	6.40754	8.85036
4.05103	7.68665	8.90059
4.8483	9.20289	9.16955
5.79959	10.9734	9.73885
6.92305	12.993	10.7178
8.22897	15.2137	12.2438
9.71081	17.5152	14.4719
11.332	19.6717	17.5425
13.0098	21.3294	21.5142
14.6016	22.0319	26.2648
15.9066	21.3329	31.3951
16.6961	19.0013	36.2253
16.778	15.2237	39.9697
16.0718	10.6267	42.0531
14.6492	6.03922	42.3636
12.7099	2.14364	41.2423
10.5093	-0.733175	39.2471
8.28255	-2.60065	36.8953
6.20037	-3.65852	34.5343
4.35997	-4.15623	32.3387
2.79778	-4.31329	30.3654
1.50891	-4.29352	28.6098
0.46479	-4.20759	27.044
-0.374008	-4.12529	25.6372
-1.04961	-4.08828	24.3637
-1.60223	-4.12017	23.2051
-2.06798	-4.23389	22.1497
-2.47817	-4.43656	21.1915
-2.85944	-4.73264	20.3294
-3.23431	-5.12587	19.566
-3.62191	-5.62013	18.9085
-4.03864	-6.21969	18.3678
-4.4987	-6.92864	17.9602
-5.01436	-7.74969	17.7071
-5.59586	-8.68203	17.6362
-6.25086	-9.7182	17.7817
-6.98333	-10.8397	18.1834
-7.79174	-12.0117	18.8844
-8.66649	-13.1769	19.925
-9.58684	-14.251	21.3328
-10.5179	-15.1221	23.108
-11.4088	-15.6588	25.2055
-12.1938	-15.7308	27.5185
-12.798	-15.242	29.8754
-13.149	-14.1684	32.0566
-13.192	-12.5833	33.8373
-12.9045	-10.6533	35.042
-12.3042	-8.59977	35.5892
-11.4465	-6.64095	35.5024
-10.4115	-4.94202	34.8876
-9.28805	-3.5914	33.8895
-8.15779	-2.60593	32.6515
-7.08563	-1.95272	31.2904
-6.11607	-1.57411	29.8893
-5.27437	-1.4071	28.5004
-4.57027	-1.39515	27.1531
-4.00253	-1.49323	25.8624
-3.56314	-1.66882	24.6348
-3.24074	-1.90071	23.4729
-3.0231	-2.17698	22.3776
-2.89873	-2.49295	21.3495
-2.85793	-2.84938	20.39
-2.89327	-3.25108	19.5014
-2.99986	-3.7059	18.6877
-3.17532	-4.22393	17.9551
-3.41971	-4.81689	17.3125
-3.7353	-5.49753	16.7722
-4.12629	-6.2788	16.3515
-4.5984	-7.17261	16.0732
-5.15823	-8.18784	15.9677
-5.81225	-9.32715	16.0738
-6.56534	-10.5823	16.439
-7.41844	-11.9277	17.1188
-8.36541	-13.3117	18.1717
-9.3888	-14.6488	19.6495
-10.4551	-15.8131	21.5801
-11.5103	-16.642	23.9428
-12.479	-16.9561	26.6411
-13.2681	-16.5997	29.4858
-13.78	-15.4978	32.2046
-13.9327	-13.7052	34.493
-13.6826	-11.4171	36.0937
-13.0392	-8.9239	36.8718
-12.0653	-6.52608	36.8447
-10.861	-4.45389	36.1522
-9.54027	-2.82755	34.9921
-8.2078	-1.6641	33.5578
-6.94554	-0.911481	32.0011
-5.80766	-0.486254	30.4233
-4.82273	-0.301411	28.8823
-3.9993	-0.28161	27.4063
-3.3323	-0.368702	26.0055
-2.80866	-0.521652	24.681
-2.41167	-0.713952	23.4303
-2.12391	-0.930396	22.2494
-1.92922	-1.16409	21.135
-1.81369	-1.41404	20.084
-1.76614	-1.68339	19.0947
-1.77832	-1.97823	18.166
-1.84476	-2.30684	17.298
-1.96266	-2.67929	16.4918
-2.13171	-3.1073	15.7504
-2.35395	-3.60422	15.0788
-2.63359	-4.18504	14.4845
-2.97698	-4.86637	13.9792
-3.39243	-5.6661	13.5795
-3.89008	-6.60265	13.3088
-4.48149	-7.69332	13.1999
-5.17891	-8.95122	13.2968
-5.994	-10.3801	13.6577
-6.93546	-11.9661	14.3556
-8.00536	-13.6658	15.4763
-9.19358	-15.3913	17.1099
-10.4705	-16.9944	19.3303
-11.7786	-18.2601	22.1599
-13.0266	-18.9218	25.5222
-14.0905	-18.7147	29.1962
-14.8281	-17.4695	32.8093
-15.1093	-15.2131	35.9013
-14.8552	-12.2126	38.0603
-14.0678	-8.91019	39.0674
-12.8335	-5.77125	38.9597
-11.2975	-3.13654	37.9756
-9.62268	-1.15701	36.4327
-7.95384	0.180877	34.6181
-6.39684	0.986449	32.735
-5.01487	1.39991	30.9005
-3.83475	1.55194	29.1679
-2.85707	1.54673	27.5521
-2.06618	1.45944	26.0493
-1.43806	1.34038	24.6489
-0.945774	1.22103	23.3392
-0.562875	1.11963	22.1101
-0.265279	1.04581	20.9532
-0.0320575	1.00391	19.8621
0.154417	0.995459	18.8318
0.308721	1.02077	17.8584
0.442815	1.08	16.9386
0.566569	1.1739	16.07
0.688288	1.30422	15.2505
0.815208	1.47403	14.4788
0.953956	1.68801	13.754
1.11097	1.9526	13.0763
1.29287	2.2763	12.4466
1.50685	2.66991	11.8675
1.76096	3.1468	11.3436
2.06451	3.7232	10.8822
2.42832	4.4184	10.4949
2.86507	5.25469	10.1988
3.38938	6.25685	10.0193
4.01788	7.45069	9.99282
4.76872	8.85991	10.1711
5.6604	10.5001	10.6255
6.70937	12.3682	11.451
7.92554	14.4258	12.7668
9.30489	16.5751	14.7088
10.8186	18.6306	17.404
12.3995	20.2986	20.9197
13.9296	21.1893	25.1831
15.2385	20.8957	29.8963
16.1229	19.1528	34.5102
16.397	16.0186	38.333
15.956	11.9454	40.7759
14.8236	7.6375	41.6006
13.1481	3.76608	40.9862
11.1498	0.738184	39.3788
9.05325	-1.35163	37.2638
7.03707	-2.62561	35.0116
5.21541	-3.29441	32.8384
3.64269	-3.56744	30.8373
2.32904	-3.61302	29.0282
1.2568	-3.55126	27.3969
0.393695	-3.46136	25.9189
-0.298059	-3.39252	24.5705
-0.856301	-3.37374	23.3332
-1.31599	-3.42145	22.1937
-1.70799	-3.54486	21.144
-2.05886	-3.74967	20.1798
-2.39123	-4.04042	19.3006
-2.72448	-4.42193	18.5089
-3.07543	-4.90007	17.8108
-3.45904	-5.48196	17.2159
-3.88894	-6.17569	16.7386
-4.37778	-6.98931	16.3988
-4.93726	-7.92924	16.2235
-5.57773	-8.99745	16.2473
-6.30733	-10.1873	16.5138
-7.13023	-11.4777	17.0743
-8.04411	-12.8254	17.985
-9.03647	-14.1567	19.2986
-10.0803	-15.3608	21.0504
-11.1299	-16.2896	23.2363
-12.1183	-16.7713	25.7873
-12.9599	-16.6433	28.548
-13.5599	-15.803	31.2772
-13.8317	-14.2596	33.6833
-13.7192	-12.1593	35.4939
-13.214	-9.75916	36.5335
-12.3606	-7.35523	36.7686
-11.2462	-5.19971	36.2986
-9.97942	-3.44747	35.3016
-8.66696	-2.14821	33.9708
-7.39738	-1.2722	32.4698
-6.23322	-0.746921	30.9144
-5.21106	-0.487779	29.3756
-4.34592	-0.417012	27.8908
-3.63738	-0.472084	26.476
-3.07534	-0.607325	25.1357
-2.64471	-0.792176	23.8688
-2.32877	-1.00824	22.6724
-2.1114	-1.24628	21.5433
-1.9784	-1.5037	20.4789
-1.91813	-1.78264	19.4774
-1.92176	-2.08856	18.538
-1.98333	-2.42944	17.6609
-2.09957	-2.81523	16.8477
-2.26978	-3.2576	16.1016
-2.49565	-3.7699	15.4282
-2.78116	-4.36703	14.8357
-3.13237	-5.06536	14.3364
-3.55734	-5.88229	13.948
-4.06585	-6.83527	13.6952
-4.66892	-7.93997	13.6119
-5.37803	-9.20693	13.7434
-6.20356	-10.636	14.1485
-7.15237	-12.2079	14.8999
-8.22384	-13.8722	16.0806
-9.40429	-15.5328	17.774
-10.6598	-17.0354	20.0415
-11.9287	-18.1635	22.8872
-13.1168	-18.6604	26.2119
-14.1012	-18.2867	29.7768
-14.7462	-16.9113	33.2069
-14.9345	-14.5996	36.0651
-14.6032	-11.6378	37.9847
-13.7676	-8.45606	38.7946
-12.5206	-5.48312	38.5613
-11.0051	-3.01789	37.5251
-9.37573	-1.18172	35.9855
-7.76659	0.0507333	34.2054
-6.27409	0.787068	32.3682
-4.95474	1.15924	30.579
-3.83149	1.28847	28.8855
-2.90343	1.27081	27.3013
-2.15495	1.17537	25.8232
-1.56296	1.04828	24.442
-1.10192	0.91822	23.1472
-0.746959	0.801558	21.9297
-0.475535	0.706569	20.7819
-0.268215	0.636532	19.6977
-0.108783	0.591923	18.6725
0.0159858	0.5719	17.7022
0.116717	0.575259	16.7836
0.201909	0.60103	15.9138
0.278396	0.648845	15.0902
0.351779	0.71915	14.3107
0.426814	0.813354	13.5733
0.507749	0.933944	12.8763
0.598624	1.08461	12.2184
0.703537	1.27037	11.5987
0.826898	1.49782	11.0169
0.973672	1.77531	10.4734
1.14963	2.11328	9.9696
1.36161	2.52466	9.50845
1.61783	3.02521	9.09501
1.92816	3.63399	8.73745
2.30448	4.37368	8.44845
2.76097	5.27068	8.2472
3.31436	6.35465	8.1623
3.98389	7.6569	8.23571
4.79092	9.20677	8.52782
5.75748	11.0242	9.12342
6.9034	13.1065	10.1371
8.24064	15.4065	11.7147
9.76385	17.8006	14.0226
11.4361	20.0517	17.2142
13.1714	21.7836	21.3574
14.8192	22.5059	26.3254
16.1657	21.7377	31.6898
16.967	19.2353	36.7161
17.0201	15.2146	40.5603
16.2446	10.3683	42.6222
14.7248	5.59133	42.8153
12.68	1.59597	41.538
10.3826	-1.30208	39.4005
8.07762	-3.14345	36.9464
5.93819	-4.15764	34.5264
4.0589	-4.61313	32.3068
2.47163	-4.73835	30.3335
1.16681	-4.69955	28.5931
0.111919	-4.60681	27.0522
-0.735486	-4.52828	25.6765
-1.41967	-4.50384	24.4389
-1.9823	-4.55565	23.3205
-2.46045	-4.69544	22.3099
-2.88601	-4.92934	21.4021
-3.28595	-5.26092	20.5969
-3.68285	-5.69281	19.8988
-4.09568	-6.22744	19.3167
-4.54038	-6.86688	18.8638
-5.03029	-7.61199	18.5586
-5.57622	-8.46073	18.4247
-6.18622	-9.4056	18.4911
-6.86472	-10.4301	18.7916
-7.61116	-11.5042	19.3629
-8.41804	-12.5799	20.2392
-9.26844	-13.5868	21.4455
-10.1336	-14.4317	22.985
-10.9713	-15.0036	24.8253
-11.7261	-15.1886	26.8848
-12.334	-14.8953	29.0273
-12.73	-14.0847	31.0715
-12.8613	-12.7949	32.8206
-12.6989	-11.1451	34.1053
-12.247	-9.31306	34.8241
-11.5431	-7.49179	34.9628
-10.6509	-5.84454	34.5857
-9.64686	-4.47651	33.8056
-8.60672	-3.42964	32.7483
-7.59504	-2.6953	31.5269
-6.65994	-2.23413	30.2287
-5.83229	-1.99446	28.9136
-5.1279	-1.92515	27.6193
-4.5511	-1.98266	26.3677
-4.09845	-2.13365	25.1705
-3.7621	-2.35508	24.0341
-3.5323	-2.63289	22.9623
-3.39921	-2.96036	21.9578
-3.35414	-3.33648	21.0238
-3.39021	-3.76455	20.1645
-3.50269	-4.25103	19.3857
-3.6891	-4.80462	18.6954
-3.94914	-5.43536	18.1048
-4.28443	-6.15378	17.6285
-4.69815	-6.96961	17.2865
-5.19449	-7.89013	17.104
-5.77775	-8.91754	17.1134
-6.45112	-10.0454	17.3537
-7.2148	-11.2533	17.8703
-8.06355	-12.5011	18.711
-8.98335	-13.722	19.9193
-9.94773	-14.8178	21.5214
-10.9143	-15.6601	23.509
-11.8231	-16.1024	25.8178
-12.5988	-16.0076	28.3122
-13.159	-15.2886	30.7859
-13.4284	-13.9497	32.9903
-13.3565	-12.1076	34.6895
-12.9328	-9.97323	35.7225
-12.1913	-7.7973	36.0432
-11.204	-5.80355	35.7181
-10.0638	-4.14121	34.8883
-8.86535	-2.87207	33.7177
-7.69056	-1.9864	32.3539
-6.60012	-1.43139	30.9082
-5.63226	-1.13763	29.4536
-4.80567	-1.03721	28.0328
-4.12423	-1.07307	26.6675
-3.58209	-1.20205	25.367
-3.16789	-1.39437	24.1342
-2.86805	-1.63162	22.9692
-2.66897	-1.90433	21.8711
-2.55848	-2.20976	20.8395
-2.52659	-2.55015	19.8746
-2.5659	-2.93139	18.978
-2.67167	-3.36214	18.1525
-2.84182	-3.85318	17.403
-3.07675	-4.417	16.7371
-3.37919	-5.06737	16.1656
-3.75394	-5.81881	15.7037
-4.20757	-6.68561	15.3724
-4.74791	-7.68029	15.2
-5.38327	-8.8109	15.2237
-6.12117	-10.0767	15.491
-6.96635	-11.4621	16.0595
-7.91776	-12.9274	16.9945
-8.96437	-14.3993	18.3616
-10.0798	-15.7605	20.2113
-11.2169	-16.8472	22.554
-12.3036	-17.4607	25.3285
-13.2444	-17.4033	28.3724
-13.93	-16.5397	31.4158
-14.2575	-14.8639	34.1191
-14.1573	-12.537	36.1571
-13.6154	-9.85952	37.318
-12.6814	-7.18256	37.5634
-11.4557	-4.8025	37.0168
-10.0633	-2.89464	35.8945
-8.62614	-1.50623	34.4248
-7.24336	-0.591735	32.7946
-5.98277	-0.0592778	31.1305
-4.88192	0.192585	29.5049
-3.95405	0.253848	27.9524
-3.19543	0.194901	26.4846
-2.59218	0.0660153	25.1014
-2.12549	-0.0997009	23.7983
-1.77524	-0.282406	22.5695
-1.52233	-0.47187	21.4093
-1.34993	-0.664509	20.3131
-1.24403	-0.861195	19.2773
-1.19364	-1.06574	18.2989
-1.19064	-1.28392	17.3757
-1.22957	-1.52297	16.5063
-1.30737	-1.79129	15.6898
-1.4232	-2.09848	14.9266
-1.5782	-2.45547	14.2178
-1.77544	-2.87474	13.5663
-2.01988	-3.37063	12.9769
-2.31834	-3.95955	12.4576
-2.67961	-4.66014	12.0201
-3.11447	-5.49317	11.6819
-3.63564	-6.48082	11.4683
-4.2576	-7.64512	11.4151
-4.99592	-9.00462	11.5719
-5.86596	-10.5685	12.0058
-6.88035	-12.3269	12.8035
-8.04469	-14.2354	14.0704
-9.35078	-16.1956	15.9215
-10.7672	-18.0323	18.4569
-12.2281	-19.4817	21.7159
-13.6245	-20.2077	25.612
-14.8046	-19.8742	29.8682
-15.593	-18.2749	34.0067
-15.8326	-15.4732	37.4433
-15.4364	-11.8508	39.6835
-14.4242	-7.99485	40.5154
-12.9208	-4.47526	40.0665
-11.1141	-1.65797	38.6935
-9.20034	0.346143	36.8049
-7.34103	1.61597	34.7298
-5.64437	2.31928	32.6748
-4.16661	2.63513	30.7406
-2.92361	2.71459	28.9598
-1.90457	2.66977	27.33
-1.08379	2.57709	25.835
-0.429068	2.48542	24.4566
0.0928733	2.42425	23.179
0.513369	2.4105	21.9898
0.860366	2.45355	20.8806
1.15803	2.55882	19.8455
1.42696	2.73017	18.8815
1.68469	2.97155	17.9873
1.94641	3.28801	17.1637
2.22559	3.68631	16.4139
2.53472	4.17532	15.7435
2.88579	4.76599	15.1616
3.29082	5.4712	14.6818
3.76209	6.30506	14.3233
4.31225	7.28157	14.1132
4.95399	8.4122	14.0879
5.69925	9.7019	14.2956
6.55761	11.1427	14.7973
7.53356	12.7044	15.6661
8.62229	14.3226	16.9813
9.80389	15.8852	18.8153
11.0365	17.2228	21.2083
12.2499	18.1138	24.1303
13.3438	18.3154	27.4409
14.195	17.63	30.8651
14.6781	15.9925	34.0192
14.6966	13.5367	36.5006
14.2145	10.5869	38.0151
13.2715	7.56015	38.4728
11.974	4.83042	37.9935
10.4642	2.63	36.8282
8.88536	1.02982	35.2535
7.35556	-0.0195525	33.4976
5.95597	-0.628148	31.713
4.73134	-0.918594	29.9839
3.69717	-0.999143	28.3474
2.84875	-0.953723	26.8127
2.16931	-0.841824	25.3763
1.63634	-0.702567	24.0298
1.22583	-0.559754	22.7643
0.91486	-0.426442	21.5717
0.68303	-0.308586	20.4457
0.512994	-0.207717	19.3809
0.39054	-0.122812	18.3728
0.304355	-0.0515192	17.418
0.245667	0.00906909	16.5133
0.207834	0.0619819	15.6558
0.185961	0.110148	14.8431
0.176556	0.156321	14.0726
0.177243	0.203087	13.3424
0.186532	0.252931	12.6502
0.203655	0.308331	11.9943
0.228437	0.371873	11.3728
0.261227	0.446379	10.7841
0.302854	0.535054	10.2267
0.354624	0.641641	9.69931
0.418353	0.770614	9.20087
0.496423	0.92739	8.73056
0.591872	1.11858	8.28795
0.708524	1.35232	7.87313
0.851153	1.63859	7.4869
1.02568	1.9897	7.13116
1.23946	2.42075	6.80936
1.50153	2.95024	6.52726
1.82303	3.60061	6.29412
2.21754	4.39878	6.12434
2.70151	5.37636	6.04001
3.29455	6.56926	6.07454
4.0195	8.01579	6.27777
4.9019	9.75204	6.72272
5.96829	11.8023	7.51367
7.24239	14.1614	8.79351
8.73763	16.7643	10.7453
10.4443	19.4429	13.5763
12.3103	21.875	17.4668
14.2176	23.5583	22.463
15.965	23.8678	28.3229
17.2783	22.2634	34.393
17.8689	18.6196	39.6766
17.5372	13.458	43.195
16.2676	7.81053	44.4666
14.2447	2.73502	43.7133
11.7761	-1.13164	41.6288
9.17953	-3.67408	38.9642
6.70036	-5.11673	36.256
4.48574	-5.7944	33.7792
2.59693	-6.01099	31.6206
1.03616	-5.99121	29.7695
-0.228068	-5.88308	28.1797
-1.24267	-5.77681	26.8021
-2.05853	-5.72399	25.5967
-2.72421	-5.75205	24.5358
-3.283	-5.87417	23.6023
-3.77189	-6.09541	22.7881
-4.22162	-6.41647	22.0918
-4.65725	-6.83558	21.5174
-5.09882	-7.34927	21.0736
-5.5619	-7.95205	20.7734
-6.05803	-8.63549	20.633
-6.59468	-9.38647	20.6719
-7.175	-10.1851	20.9111
-7.79714	-11.0021	21.3709
-8.45323	-11.7969	22.067
-9.12833	-12.5166	23.0057
-9.79949	-13.097	24.1763
-10.4356	-13.4679	25.5445
-10.9988	-13.5629	27.0471
-11.4471	-13.3327	28.591
-11.7404	-12.76	30.0614
-11.8462	-11.8704	31.3373
-11.7472	-10.7337	32.3129
-11.4448	-9.45256	32.9181
-10.9606	-8.14262	33.1292
-10.3325	-6.90994	32.9682
-9.60853	-5.8339	32.491
-8.83926	-4.96012	31.7701
-8.07128	-4.3027	30.8797
-7.343	-3.8523	29.8851
-6.68273	-3.58588	28.8385
-6.10886	-3.47512	27.7783
-5.63132	-3.49236	26.7321
-5.25357	-3.61403	25.7189
-4.97466	-3.82211	24.7521
-4.79112	-4.10421	23.8423
-4.6983	-4.45307	22.9984
-4.69153	-4.86561	22.229
-4.76672	-5.34185	21.5437
-4.92072	-5.88384	20.9535
-5.15143	-6.4944	20.4716
-5.45761	-7.17587	20.1139
-5.83851	-7.92846	19.8996
-6.29317	-8.74831	19.8509
-6.81959	-9.62506	19.9931
-7.41337	-10.539	20.3528
-8.06627	-11.4581	20.9551
-8.76433	-12.3354	21.8192
-9.48614	-13.108	22.9512
-10.2014	-13.6997	24.335
-10.8709	-14.0283	25.9242
-11.4479	-14.0194	27.6357
-11.8831	-13.6245	29.3518
-12.1308	-12.8393	30.9325
-12.1583	-11.7141	32.2389
-11.9527	-10.35	33.1612
-11.525	-8.87929	33.6402
-10.909	-7.43755	33.6755
-10.1552	-6.13672	33.3167
-9.3214	-5.04955	32.644
-8.46442	-4.20728	31.7469
-7.63305	-3.60744	30.7073
-6.86456	-3.22607	29.5921
-6.18407	-3.02933	28.4503
-5.6058	-2.98231	27.3159
-5.13539	-3.05418	26.2113
-4.77244	-3.22066	25.1514
-4.51293	-3.46455	24.1462
-4.35103	-3.77519	23.2036
-4.2806	-4.1474	22.3305
-4.29608	-4.58037	21.5344
-4.39309	-5.07645	20.8237
-4.56869	-5.64003	20.2091
-4.82135	-6.27638	19.7037
-5.15077	-6.99033	19.3239
-5.5574	-7.7847	19.0902
-6.04179	-8.6582	19.0271
-6.60356	-9.60273	19.1633
-7.24002	-10.6001	19.5303
-7.94446	-11.6181	20.16
-8.70389	-12.6069	21.0793
-9.49683	-13.4967	22.3022
-10.2912	-14.1995	23.8191
-11.0438	-14.6163	25.5846
-11.7012	-14.6536	27.5088
-12.2051	-14.2455	29.457
-12.5004	-13.3789	31.2632
-12.546	-12.1089	32.7589
-12.3244	-10.5556	33.8097
-11.8474	-8.87958	34.3448
-11.1547	-7.24524	34.367
-10.3059	-5.78561	33.9412
-9.3697	-4.58301	33.1681
-8.41197	-3.66768	32.156
-7.48824	-3.02939	31.001
-6.6396	-2.63376	29.7777
-5.89237	-2.43694	28.5383
-5.26011	-2.39591	27.3167
-4.74668	-2.47406	26.1338
-4.34938	-2.64345	25.002
-4.06178	-2.88486	23.9289
-3.87587	-3.18681	22.9199
-3.78361	-3.54417	21.9798
-3.77801	-3.9568	21.1137
-3.85364	-4.42824	20.328
-4.007	-4.96465	19.6311
-4.23648	-5.57376	19.0339
-4.54223	-6.2638	18.5508
-4.92582	-7.04223	18.2002
-5.38968	-7.91401	18.0057
-5.93628	-8.87922	17.9964
-6.56696	-9.92975	18.2069
-7.28023	-11.045	18.6761
-8.06961	-12.187	19.4442
-8.92081	-13.2948	20.5456
-9.80872	-14.2819	21.9988
-10.6948	-15.0379	23.7916
-11.5259	-15.4391	25.865
-12.2366	-15.3711	28.101
-12.756	-14.761	30.3245
-13.0193	-13.6099	32.3258
-12.9822	-12.0097	33.903
-12.6326	-10.1311	34.9113
-11.9962	-8.1831	35.2969
-11.1312	-6.36032	35.0999
-10.1158	-4.80252	34.428
-9.03289	-3.57881	33.417
-7.95661	-2.69597	32.1964
-6.94478	-2.11928	30.8702
-6.03628	-1.79443	29.5118
-5.25263	-1.66406	28.1672
-4.60156	-1.6775	26.8632
-4.08118	-1.79484	25.6137
-3.68382	-1.98757	24.4256
-3.39899	-2.23748	23.302
-3.21561	-2.53475	22.2448
-3.12351	-2.87619	21.2559
-3.11424	-3.26359	20.3379
-3.18159	-3.70245	19.4947
-3.32173	-4.20102	18.7319
-3.53322	-4.76949	18.058
-3.81685	-5.41925	17.4843
-4.17539	-6.16207	17.0264
-4.61318	-7.00889	16.7052
-5.13553	-7.968	16.5481
-5.74787	-9.04235	16.5898
-6.45432	-10.2254	16.8731
-7.25581	-11.4956	17.4475
-8.1472	-12.8092	18.366
-9.11366	-14.0927	19.6769
-10.1265	-15.2373	21.4092
-11.1392	-16.1005	23.5527
-12.0857	-16.5202	26.0333
-12.8832	-16.3474	28.6961
-13.4416	-15.4934	31.3079
-13.6806	-13.9766	33.5933
-13.5499	-11.9423	35.2999
-13.0444	-9.63519	36.2684
-12.2088	-7.33277	36.4723
-11.1268	-5.26958	36.0066
-9.90139	-3.5896	35.0384
-8.63379	-2.33966	33.7486
-7.40793	-1.49298	32.291
-6.28346	-0.982653	30.7759
-5.29561	-0.729891	29.272
-4.4593	-0.661729	27.8165
-3.77477	-0.719104	26.4263
-3.23296	-0.858656	25.107
-2.81999	-1.05129	23.8588
-2.52031	-1.27954	22.6798
-2.31894	-1.53479	21.5679
-2.20266	-1.81494	20.5212
-2.16074	-2.12261	19.5387
-2.18523	-2.4638	18.6207
-2.27092	-2.84711	17.7686
-2.41532	-3.28315	16.9853
-2.61848	-3.78433	16.2761
-2.88285	-4.36462	15.6488
-3.21309	-5.03931	15.1148
-3.61587	-5.82457	14.6906
-4.09962	-6.73657	14.3991
-4.67402	-7.78972	14.2714
-5.34925	-8.99373	14.3489
-6.13457	-10.3487	14.6852
-7.03612	-11.8376	15.3458
-8.05347	-13.416	16.406
-9.17466	-14.9997	17.9416
-10.3699	-16.4525	20.0106
-11.5849	-17.5832	22.6229
-12.7364	-18.1608	25.7008
-13.7141	-17.9616	29.0445
-14.3936	-16.8456	32.3294
-14.6621	-14.8369	35.1602
-14.4505	-12.1587	37.1805
-13.7577	-9.18258	38.1895
-12.6551	-6.30932	38.1979
-11.2665	-3.84666	37.391
-9.73487	-1.94819	36.0345
-8.19123	-0.624748	34.3817
-6.73547	0.20356	32.6227
-5.43074	0.652797	30.8754
-4.30745	0.837763	29.2001
-3.37133	0.853827	27.6199
-2.61205	0.772091	26.1379
-2.0104	0.641409	24.7486
-1.54353	0.492906	23.4436
-1.18837	0.344725	22.2149
-0.923651	0.206077	21.0555
-0.730856	0.0803484	19.9597
-0.594584	-0.0326554	18.9227
-0.502472	-0.135198	17.9409
-0.444922	-0.230643	17.0108
-0.414742	-0.32288	16.1296
-0.406774	-0.416043	15.2948
-0.417558	-0.5144	14.5042
-0.445048	-0.622385	13.7557
-0.488397	-0.744706	13.0474
-0.547803	-0.886516	12.378
-0.624422	-1.05362	11.7462
-0.720332	-1.25276	11.1512
-0.838566	-1.49186	10.5929
-0.983184	-1.78043	10.0717
-1.15941	-2.1299	9.58936
-1.37381	-2.5541	9.14901
-1.63452	-3.06972	8.75609
-1.95155	-3.69676	8.4193
-2.33703	-4.45888	8.15208
-2.80557	-5.38356	7.97479
-3.37441	-6.50147	7.91776
-4.06341	-7.84478	8.02549
-4.8945	-9.44303	8.36203
-5.89015	-11.3151	9.0172
-7.07011	-13.4545	10.112
-8.44521	-15.8059	11.7992
-10.0071	-18.2311	14.2506
-11.713	-20.4699	17.6174
-13.4674	-22.1185	21.9513
-15.1072	-22.6651	27.0866
-16.4068	-21.6341	32.5371
-17.1174	-18.8315	37.5156
-17.045	-14.5578	41.1692
-16.1315	-9.58092	42.9513
-14.4887	-4.81466	42.8638
-12.3553	-0.931286	41.3749
-10.0102	1.81591	39.1169
-7.69319	3.51612	36.6184
-5.5666	4.42181	34.202
-3.71407	4.80507	32.0097
-2.15881	4.88872	30.0723
-0.885491	4.83111	28.3687
0.141769	4.73523	26.8627
0.967018	4.66392	25.5199
1.63504	4.65344	24.3137
2.18741	4.72357	23.2262
2.66077	4.88459	22.2472
3.08647	5.14173	21.3726
3.49085	5.49794	20.6034
3.89595	5.95529	19.9452
4.32013	6.5155	19.4081
4.7787	7.17956	19.0066
5.2842	7.94666	18.7605
5.84645	8.81225	18.6943
6.47212	9.76526	18.8379
7.16373	10.7843	19.2246
7.9182	11.8336	19.8886
8.7248	12.8583	20.8594
9.56281	13.7822	22.153
10.3995	14.5086	23.7594
11.1891	14.9292	25.6297
11.875	14.9415	27.6656
12.3947	14.4751	29.7191
12.6893	13.5187	31.6087
12.7158	12.1376	33.1525
12.4577	10.4677	34.2093
11.9305	8.68701	34.7105
11.1798	6.97257	34.6695
10.2719	5.46272	34.1648
9.28088	4.23785	33.31
8.27634	3.3217	32.2222
7.31553	2.69607	31.0021
6.4395	2.3194	29.7251
5.67344	2.14251	28.4423
5.02919	2.11897	27.1855
4.50873	2.2104	25.9733
4.10763	2.38815	24.8162
3.81797	2.63302	23.7202
3.63057	2.93392	22.6894
3.53653	3.2863	21.7273
3.52823	3.69067	20.8382
3.59993	4.15134	20.0275
3.74794	4.67531	19.3026
3.97071	5.27134	18.6733
4.26863	5.94902	18.1531
4.64378	6.71759	17.7594
5.09936	7.58448	17.5151
5.63901	8.55303	17.4489
6.2657	9.6194	17.5959
6.98017	10.7683	17.9974
7.77871	11.9672	18.6978
8.6504	13.161	19.7395
9.57366	14.2663	21.1529
10.513	15.1705	22.9411
11.4167	15.7402	25.0616
12.2178	15.8409	27.4092
12.8396	15.3711	29.8112
13.2071	14.3019	32.0438
13.2628	12.7043	33.8753
12.982	10.7466	35.1226
12.3812	8.65557	35.6987
11.5158	6.65673	35.6256
10.4676	4.92138	35.0109
9.32743	3.54168	34.0035
8.17895	2.53544	32.751
7.08882	1.8688	31.3738
6.10266	1.48223	29.9569
5.24628	1.31074	28.5535
4.52953	1.29605	27.1932
3.95099	1.39182	25.8908
3.50231	1.56462	24.6526
3.17171	1.79262	23.4807
2.94651	2.06351	22.3755
2.81482	2.37235	21.3373
2.76655	2.71973	20.3671
2.79394	3.11036	19.4667
2.89182	3.55198	18.6397
3.05757	4.05468	17.8915
3.29102	4.63025	17.2304
3.59433	5.29165	16.6677
3.97164	6.05232	16.2195
4.42876	6.92509	15.9074
4.97257	7.92034	15.7604
5.61014	9.04321	15.8157
6.34738	10.2892	16.1199
7.18691	11.6377	16.7283
8.12504	13.0441	17.7015
9.14764	14.4305	19.0967
10.2253	15.6779	20.9521
11.3084	16.6269	23.2625
12.3248	17.0929	25.9512
13.1822	16.903	28.8469
13.7793	15.9534	31.6858
14.0255	14.2658	34.1536
13.8645	12.0113	35.9645
13.2929	9.47595	36.9461
12.3643	6.97725	37.0833
11.1757	4.77447	36.5001
9.84346	3.01601	35.3958
8.47911	1.73782	33.9761
7.17227	0.895859	32.408
5.9841	0.406569	30.8055
4.94842	0.178535	29.235
4.07712	0.130668	27.7292
3.36682	0.199395	26.3003
2.80496	0.339232	24.9502
2.37451	0.520298	23.6757
2.0573	0.724929	22.4727
1.83616	0.944456	21.337
1.69608	1.17658	20.2651
1.62478	1.42342	19.2545
1.61292	1.69015	18.3034
1.65398	1.98417	17.4111
1.74416	2.31465	16.5778
1.88214	2.6923	15.805
2.06894	3.12942	15.096
2.30776	3.63996	14.456
2.60393	4.2396	13.8934
2.96481	4.94576	13.4205
3.39972	5.77723	13.0555
3.91978	6.75335	12.8236
4.53749	7.89213	12.7602
5.26599	9.20681	12.9133
6.11755	10.7	13.3458
7.10099	12.3544	14.1371
8.21751	14.1194	15.3794
9.4545	15.8943	17.168
10.7774	17.5122	19.5767
12.1207	18.7344	22.6177
13.3825	19.2729	26.1879
14.4271	18.8555	30.0238
15.1039	17.3338	33.7048
15.283	14.787	36.739
14.8967	11.5487	38.7213
13.9671	8.11097	39.4798
12.6025	4.9499	39.1151
10.9645	2.38007	37.9165
9.22287	0.510445	36.2234
7.52041	-0.709702	34.3204
5.95604	-1.41281	32.3957
4.58435	-1.74882	30.5497
3.42421	-1.84949	28.8226
2.46999	-1.81591	27.2207
1.70163	-1.71899	25.7356
1.09225	-1.60509	24.3541
0.613245	-1.50262	23.0638
0.237227	-1.4278	21.854
-0.0603688	-1.38915	20.7168
-0.300743	-1.39074	19.6458
-0.501763	-1.4345	18.6366
-0.678332	-1.52176	17.6858
-0.842916	-1.65423	16.7908
-1.00612	-1.83471	15.9502
-1.17729	-2.06754	15.1632
-1.365	-2.35894	14.4305
-1.57764	-2.71726	13.7537
-1.82378	-3.15329	13.1365
-2.11265	-3.68035	12.585
-2.45446	-4.31455	12.109
-2.86076	-5.07459	11.7228
-3.3446	-5.98144	11.4477
-3.9206	-7.0571	11.3139
-4.60463	-8.32223	11.3642
-5.41298	-9.79156	11.6571
-6.36051	-11.4661	12.2702
-7.45733	-13.3204	13.3013
-8.70328	-15.2849	14.8642
-10.0797	-17.2231	17.0719
-11.5387	-18.9122	20.0022
-12.9922	-20.0424	23.639
-14.3068	-20.26	27.8022
-15.3128	-19.2728	32.1021
-15.836	-16.9988	35.9789
-15.7478	-13.6737	38.86
-15.0139	-9.81754	40.376
-13.7134	-6.04589	40.4979
-12.0126	-2.84302	39.4994
-10.113	-0.439841	37.7918
-8.19795	1.16646	35.757
-6.40298	2.11635	33.6628
-4.80823	2.59339	31.6561
-3.44684	2.76653	29.7967
-2.31865	2.76764	28.0946
-1.40331	2.68974	26.5374
-0.670428	2.59391	25.1066
-0.0863382	2.51797	23.7845
0.381802	2.48411	22.5568
0.763915	2.50478	21.4135
1.08619	2.58697	20.3475
1.37107	2.73511	19.3545
1.63764	2.95308	18.4327
1.90229	3.24545	17.5822
2.1794	3.61831	16.8054
2.48202	4.07966	16.1072
2.82248	4.63958	15.4956
3.21289	5.31012	14.983
3.66548	6.1047	14.5868
4.19277	7.03701	14.3317
4.80733	8.1189	14.2512
5.52119	9.35685	14.3896
6.34443	10.7464	14.8038
7.28286	12.2637	15.5625
8.33423	13.8546	16.7425
9.483	15.4214	18.4176
10.6938	16.8124	20.6368
11.905	17.8223	23.391
13.0254	18.2149	26.5724
13.9389	17.779	29.9458
14.5208	16.4108	33.1582
14.6663	14.1871	35.8106
14.3226	11.3805	37.5765
13.5085	8.38553	38.3095
12.3127	5.59003	38.0745
10.868	3.26424	37.0898
9.31749	1.52012	35.6267
7.7855	0.337978	33.9257
6.36235	-0.377293	32.1576
5.10188	-0.744838	30.423
4.02695	-0.875809	28.77
3.1381	-0.859453	27.2149
2.42186	-0.760717	25.7576
1.8575	-0.623312	24.391
1.42173	-0.474489	23.1067
1.09171	-0.32967	21.8968
0.846768	-0.196271	20.7547
0.669127	-0.0765763	19.6747
0.544147	0.0302264	18.6526
0.460164	0.126688	17.6846
0.408186	0.216246	16.7676
0.381515	0.302734	15.8988
0.375381	0.390144	15.0756
0.386608	0.48256	14.2958
0.41335	0.584198	13.5575
0.454879	0.699525	12.8588
0.511447	0.833429	12.1982
0.5842	0.991425	11.5744
0.675155	1.17991	10.9865
0.787227	1.40644	10.4343
0.924309	1.68008	9.91808
1.0914	2.01177	9.43915
1.29478	2.41475	9.00026
1.54226	2.90505	8.6062
1.84342	3.50198	8.26468
2.20995	4.22849	7.98778
2.65595	5.11147	7.79388
3.19819	6.18134	7.71054
3.85613	7.4708	7.77843
4.65163	9.01137	8.05653
5.60767	10.8266	8.62843
6.74564	12.9191	9.60838
8.07995	15.2491	11.144
9.60879	17.7024	13.408
11.2998	20.0501	16.5668
13.0717	21.9181	20.7104
14.777	22.8028	25.7396
16.1998	22.1881	31.2466
17.0865	19.7782	36.4907
17.217	15.7464	40.5834
16.4926	10.7829	42.8583
14.9866	5.82564	43.1796
12.9193	1.64629	41.9395
10.5732	-1.39788	39.7757
8.20663	-3.33501	37.2685
6.0036	-4.40195	34.7945
4.06562	-4.88111	32.5329
2.42771	-5.01346	30.5326
1.08097	-4.97404	28.7787
-0.00783975	-4.87823	27.2348
-0.882469	-4.79707	25.864
-1.58862	-4.77185	24.6371
-2.16932	-4.82527	23.534
-2.66279	-4.96908	22.5427
-3.10182	-5.20912	21.6579
-3.51405	-5.54835	20.8797
-3.92248	-5.98855	20.213
-4.34623	-6.53093	19.6672
-4.8011	-7.17593	19.256
-5.29996	-7.92224	18.9983
-5.85282	-8.76492	18.9178
-6.46643	-9.69284	19.0426
-7.14345	-10.6851	19.4047
-7.88106	-11.7072	20.0364
-8.66905	-12.7065	20.9659
-9.48765	-13.6104	22.208
-10.3057	-14.3268	23.7539
-11.0796	-14.7526	25.5575
-11.7553	-14.7895	27.5267
-12.273	-14.3681	29.5219
-12.576	-13.4743	31.3708
-12.6216	-12.1651	32.8986
-12.3923	-10.5659	33.9664
-11.9005	-8.84422	34.5018
-11.1879	-7.17049	34.5101
-10.3167	-5.68147	34.0609
-9.35772	-4.46035	33.2596
-8.37895	-3.53595	32.2189
-7.43704	-2.89548	31.0374
-6.57355	-2.50183	29.7908
-5.81472	-2.30888	28.5315
-5.17371	-2.27189	27.293
-4.65378	-2.35323	26.0954
-4.2516	-2.52435	24.9505
-3.96017	-2.76579	23.8652
-3.77095	-3.06603	22.8444
-3.67553	-3.42005	21.8924
-3.66659	-3.82788	21.0138
-3.73851	-4.29333	20.2146
-3.88765	-4.82289	19.5026
-4.11239	-5.42472	18.8883
-4.41295	-6.10768	18.3854
-4.79108	-6.88009	18.0121
-5.24957	-7.74808	17.7913
-5.79143	-8.71335	17.7519
-6.41875	-9.76992	17.9288
-7.13114	-10.8998	18.3619
-7.92349	-12.068	19.0933
-8.78317	-13.2164	20.1614
-9.68689	-14.2603	21.5904
-10.5977	-15.0886	23.3758
-11.4633	-15.573	25.4668
-12.2176	-15.5896	27.752
-12.7872	-15.0518	30.058
-13.1022	-13.9457	32.1688
-13.1122	-12.3527	33.8685
-12.7987	-10.4416	34.9941
-12.1829	-8.42935	35.4753
-11.3212	-6.5248	35.3432
-10.2932	-4.88273	34.7044
-9.18541	-3.58357	33.7003
-8.0764	-2.63986	32.4689
-7.02822	-2.01783	31.1216
-6.08304	-1.66111	29.7375
-5.26458	-1.50899	28.3663
-4.58174	-1.50728	27.0362
-4.03299	-1.61306	25.7619
-3.61044	-1.79545	24.5499
-3.30308	-2.03445	23.4031
-3.09913	-2.31902	22.3227
-2.98765	-2.64509	21.3099
-2.95942	-3.01384	20.3665
-3.00752	-3.4304	19.4955
-3.12751	-3.90279	18.7016
-3.31739	-4.4412	17.9916
-3.57753	-5.05727	17.3756
-3.91045	-5.76346	16.8673
-4.32043	-6.57203	16.4851
-4.81311	-7.49362	16.254
-5.3947	-8.53495	16.2062
-6.07086	-9.69525	16.3821
-6.845	-10.9612	16.8307
-7.71579	-12.3	17.607
-8.67375	-13.6512	18.7663
-9.69693	-14.9192	20.3526
-10.7464	-15.9698	22.3792
-11.7629	-16.6383	24.8042
-12.667	-16.7542	27.5063
-13.3656	-16.1868	30.2747
-13.7668	-14.899	32.8309
-13.8009	-12.9858	34.887
-13.4401	-10.6687	36.224
-12.7096	-8.23826	36.7538
-11.6826	-5.97076	36.5306
-10.462	-4.06022	35.7099
-9.1574	-2.59389	34.4853
-7.86527	-1.56776	33.0345
-6.65808	-0.921533	31.4913
-5.58169	-0.572608	29.9425
-4.65854	-0.439473	28.4364
-3.89329	-0.453616	26.9957
-3.27893	-0.563263	25.6285
-2.80183	-0.732585	24.3353
-2.44564	-0.939038	23.1138
-2.19389	-1.17031	21.9607
-2.0316	-1.42161	20.8732
-1.94616	-1.69349	19.8492
-1.92774	-1.99033	18.8875
-1.96935	-2.31929	17.9881
-2.06677	-2.68964	17.1521
-2.21839	-3.11248	16.3821
-2.42509	-3.60058	15.6828
-2.69002	-4.16831	15.0615
-3.01853	-4.83156	14.5291
-3.418	-5.60738	14.1013
-3.89761	-6.51329	13.8003
-4.46799	-7.56572	13.6566
-5.14051	-8.77726	13.7115
-5.92605	-10.1519	14.0192
-6.83288	-11.6776	14.6475
-7.86326	-13.3155	15.6767
-9.00842	-14.9863	17.1911
-10.2419	-16.5559	19.262
-11.5118	-17.8282	21.9165
-12.7352	-18.5565	25.094
-13.7976	-18.4884	28.6042
-14.5656	-17.4475	32.1136
-14.9125	-15.4284	35.1953
-14.7543	-12.6472	37.4457
-14.0796	-9.49879	38.6209
-12.9574	-6.42667	38.7116
-11.5176	-3.7805	37.9112
-9.91442	-1.73922	36.5106
-8.29069	-0.319713	34.7906
-6.75581	0.564965	32.9616
-5.37887	1.04294	31.1525
-4.1929	1.24078	29.4272
-3.20386	1.26302	27.8085
-2.40025	1.18716	26.2974
-1.76092	1.06618	24.8861
-1.26088	0.933813	23.5644
-0.874894	0.809944	22.3225
-0.579656	0.705083	21.1526
-0.354769	0.623824	20.048
-0.183058	0.567307	19.0037
-0.050441	0.534905	18.0155
0.0544234	0.525327	17.0799
0.140581	0.537317	16.1939
0.215248	0.570074	15.3547
0.28425	0.623503	14.5602
0.352419	0.698363	13.8081
0.423937	0.796382	13.0966
0.502639	0.920358	12.4242
0.592282	1.07427	11.7895
0.696787	1.26346	11.1919
0.820471	1.49478	10.631
0.968281	1.77692	10.1073
1.14603	2.12071	9.62241
1.36068	2.53945	9.17945
1.62059	3.04943	8.78371
1.9359	3.6703	8.44371
2.31878	4.42541	8.17263
2.78382	5.34196	7.9905
3.3482	6.45044	7.92712
4.0317	7.78292	8.02627
4.85621	9.36913	8.351
5.84423	11.2286	8.98986
7.0157	13.3562	10.0624
8.382	15.6995	11.72
9.93588	18.1244	14.1339
11.6364	20.3772	17.4576
13.3907	22.0601	21.7489
15.039	22.6645	26.8541
16.3577	21.7092	32.3022
17.0982	18.9829	37.3166
17.0622	14.7627	41.0404
16.1847	9.80029	42.9074
14.5703	5.01099	42.8947
12.4537	1.08278	41.4551
10.1136	-1.713	39.2198
7.79256	-3.45393	36.7249
5.65634	-4.38854	34.3018
3.79174	-4.78977	32.0989
2.22418	-4.883	30.1506
0.939614	-4.82923	28.4375
-0.0971766	-4.73354	26.9233
-0.930041	-4.66023	25.5736
-1.60381	-4.64648	24.3614
-2.16021	-4.71263	23.2685
-2.63612	-4.86929	22.2843
-3.06308	-5.12186	21.4044
-3.46766	-5.47336	20.6297
-3.87206	-5.9259	19.9656
-4.29479	-6.48125	19.4219
-4.75129	-7.14049	19.013
-5.25424	-7.90297	18.7582
-5.81361	-8.76445	18.6821
-6.43624	-9.71427	18.8142
-7.12494	-10.7318	19.1878
-7.87695	-11.7819	19.8372
-8.68201	-12.811	20.7926
-9.51994	-13.7437	22.0707
-10.3586	-14.4842	23.6637
-11.153	-14.9242	25.5248
-11.8467	-14.9601	27.5582
-12.3772	-14.5188	29.6181
-12.6852	-13.5855	31.5235
-12.7262	-12.2212	33.0913
-12.4823	-10.5594	34.1769
-11.9672	-8.77722	34.7075
-11.2255	-7.05312	34.6923
-10.3226	-5.52838	34.2077
-9.33266	-4.28659	33.3664
-8.32602	-3.35404	32.2864
-7.36068	-2.71409	31.0696
-6.4786	-2.3258	29.7928
-5.70574	-2.13995	28.5082
-5.05451	-2.1097	27.2485
-4.52729	-2.19611	26.0329
-4.11986	-2.37	24.872
-3.82439	-2.61169	23.772
-3.63168	-2.90969	22.737
-3.53278	-3.25916	21.7706
-3.51996	-3.6604	20.8769
-3.58734	-4.11756	20.0612
-3.73114	-4.63752	19.3307
-3.94969	-5.22903	18.6951
-4.24329	-5.90165	18.1677
-4.61394	-6.66476	17.7655
-5.06482	-7.52597	17.5111
-5.59961	-8.48902	17.4329
-6.22138	-9.55065	17.5657
-6.93109	-10.6964	17.9504
-7.72543	-11.8952	18.6316
-8.59404	-13.0933	19.6522
-9.5161	-14.2089	21.0437
-10.457	-15.1313	22.8117
-11.3661	-15.7272	24.9171
-12.177	-15.8611	27.2588
-12.8133	-15.428	29.6677
-13.1991	-14.3931	31.9217
-13.2754	-12.8212	33.7873
-13.0149	-10.8758	35.0763
-12.4315	-8.78229	35.6947
-11.5788	-6.76867	35.6584
-10.5375	-5.01101	35.0713
-9.39853	-3.60657	34.0815
-8.2467	-2.57707	32.8382
-7.14993	-1.89082	31.464
-6.15519	-1.48896	30.0461
-5.2894	-1.30622	28.6394
-4.56322	-1.28354	27.2748
-3.97576	-1.3737	25.9676
-3.51891	-1.54245	24.7246
-3.18097	-1.76728	23.5478
-2.94923	-2.03534	22.4377
-2.81168	-2.3413	21.3947
-2.75805	-2.68544	20.4194
-2.78042	-3.07225	19.5137
-2.87343	-3.50932	18.681
-3.03428	-4.00661	17.9266
-3.26266	-4.57583	17.2582
-3.56057	-5.2299	16.6872
-3.93205	-5.98232	16.2292
-4.38282	-6.84604	15.9052
-4.91974	-7.83183	15.7435
-5.54997	-8.94544	15.7808
-6.27962	-10.1834	16.063
-7.11173	-11.5269	16.645
-8.04331	-12.9335	17.5872
-9.06132	-14.3283	18.9479
-10.1378	-15.5956	20.768
-11.2248	-16.5786	23.0471
-12.2519	-17.0929	25.7154
-13.128	-16.9622	28.6094
-13.7515	-16.0741	31.4711
-14.0297	-14.4383	33.9865
-13.9025	-12.2148	35.8633
-13.3617	-9.6839	36.9166
-12.4568	-7.1655	37.1186
-11.2823	-4.92706	36.5846
-9.95456	-3.12696	35.5114
-8.5864	-1.80918	34.1071
-7.26984	-0.934219	32.5433
-6.06848	-0.419922	30.9381
-5.01818	-0.174295	29.3616
-4.13229	-0.114776	27.8485
-3.40837	-0.176135	26.4121
-2.8343	-0.311407	25.0548
-2.39319	-0.489528	23.7736
-2.06681	-0.691946	22.5643
-1.83777	-0.909357	21.4226
-1.69081	-1.13901	20.345
-1.61338	-1.3827	19.3288
-1.59583	-1.64535	18.372
-1.6314	-1.93417	17.474
-1.71602	-2.25812	16.6346
-1.84813	-2.62773	15.8553
-2.0285	-3.0551	15.1389
-2.26012	-3.55393	14.4904
-2.54807	-4.13972	13.9177
-2.89949	-4.82967	13.4325
-3.32349	-5.6425	13.0518
-3.83101	-6.59765	12.7999
-4.43447	-7.71361	12.7107
-5.14708	-9.00476	12.8301
-5.98145	-10.4759	13.2191
-6.94725	-12.1134	13.9549
-8.04719	-13.8726	15.1291
-9.27121	-15.6609	16.838
-10.5884	-17.321	19.1614
-11.9383	-18.6232	22.1242
-13.2236	-19.2817	25.6431
-14.3124	-19.0144	29.4783
-15.0534	-17.6466	33.2261
-15.3105	-15.2205	36.3932
-15.0041	-12.0387	38.5492
-14.1432	-8.58359	39.4823
-12.826	-5.34742	39.2582
-11.2101	-2.67453	38.1501
-9.46754	-0.701758	36.5005
-7.74701	0.60467	34.6071
-6.1543	1.37138	32.6727
-4.74993	1.74969	30.8087
-3.55702	1.87579	29.0617
-2.57255	1.85567	27.4412
-1.77777	1.76441	25.9397
-1.14621	1.65153	24.5443
-0.649114	1.54763	23.2419
-0.258657	1.47036	22.0218
0.0502941	1.42914	20.8753
0.299532	1.42857	19.7961
0.507478	1.47084	18.7795
0.689521	1.5574	17.8218
0.858537	1.69001	16.9207
1.02548	1.87146	16.0746
1.19995	2.10607	15.2828
1.39077	2.40003	14.5459
1.60649	2.7617	13.8657
1.85583	3.20184	13.246
2.14813	3.73377	12.6931
2.4937	4.37353	12.2169
2.90415	5.13979	11.8321
3.39256	6.05329	11.5604
3.97353	7.13573	11.4326
4.66282	8.40714	11.492
5.4765	9.88126	11.7976
6.429	11.5575	12.4276
7.52973	13.4082	13.4799
8.77748	15.3605	15.067
10.1521	17.2744	17.2994
11.6038	18.9243	20.2491
13.0428	20.0002	23.8918
14.3347	20.1537	28.0376
15.3105	19.1054	32.2903
15.7995	16.7901	36.0927
15.6787	13.4575	38.8857
14.9204	9.62964	40.3205
13.6075	5.91121	40.3846
11.9073	2.76937	39.3569
10.0186	0.420835	37.6438
8.12134	-1.14416	35.6178
6.34705	-2.06669	33.5381
4.7731	-2.52757	31.5462
3.43089	-2.69223	29.6995
2.31948	-2.6894	28.007
1.41835	-2.60981	26.4568
0.697323	-2.51301	25.0307
0.123132	-2.4358	23.7116
-0.336596	-2.39977	22.4855
-0.711315	-2.417	21.3426
-1.02678	-2.49423	20.276
-1.30502	-2.63574	19.2813
-1.56479	-2.84525	18.3565
-1.82216	-3.12724	17.5017
-2.09123	-3.48766	16.7187
-2.38482	-3.93442	16.012
-2.71503	-4.47758	15.3891
-3.09381	-5.12924	14.8613
-3.53329	-5.90313	14.4452
-4.04596	-6.81359	14.1639
-4.64458	-7.87371	14.0494
-5.34161	-9.09213	14.1443
-6.14801	-10.4678	14.5039
-7.07106	-11.9823	15.1962
-8.11088	-13.5883	16.2991
-9.25531	-15.1969	17.8908
-10.4734	-16.6654	20.0305
-11.7083	-17.7934	22.7258
-12.8732	-18.3409	25.8913
-13.8533	-18.0784	29.3135
-14.5203	-16.869	32.6499
-14.76	-14.7513	35.4904
-14.5052	-11.9706	37.4743
-13.7609	-8.91958	38.4113
-12.606	-6.00951	38.3317
-11.1714	-3.54539	37.4407
-9.60421	-1.66947	36.0164
-8.03679	-0.379489	34.3161
-6.56781	0.41464	32.5276
-5.25803	0.83494	30.7642
-4.13514	0.998679	29.0816
-3.20244	1.00154	27.4995
-2.44765	0.913926	26.0185
-1.85014	0.783672	24.6317
-1.38606	0.640974	23.3301
-1.0317	0.503291	22.105
-0.765309	0.379444	20.9493
-0.568074	0.27273	19.8571
-0.424312	0.183147	18.8236
-0.321376	0.108889	17.8449
-0.249327	0.0473131	16.9177
-0.200539	-0.00448692	16.0389
-0.169293	-0.0493662	15.206
-0.151407	-0.0899905	14.4165
-0.143922	-0.128805	13.6681
-0.144838	-0.168068	12.9586
-0.152915	-0.209925	12.2862
-0.167524	-0.256497	11.6488
-0.188541	-0.309992	11.0448
-0.216279	-0.372812	10.4725
-0.251461	-0.447688	9.93047
-0.295214	-0.537813	9.41734
-0.349095	-0.647004	8.93195
-0.415144	-0.779894	8.47336
-0.495964	-0.942148	8.04091
-0.594831	-1.14074	7.63434
-0.715839	-1.38425	7.25393
-0.864077	-1.68331	6.90075
-1.04586	-2.051	6.57702
-1.26901	-2.50342	6.28667
-1.54317	-3.06027	6.03622
-1.8802	-3.74549	5.83596
-2.29458	-4.58773	5.70196
-2.80382	-5.62052	5.65882
-3.42876	-6.88166	5.74375
-4.19353	-8.41081	6.01224
-5.12486	-10.2439	6.54553
-6.24996	-12.4017	7.45913
-7.59189	-14.8689	8.90999
-9.16075	-17.5591	11.0955
-10.9388	-20.2667	14.2306
-12.8588	-22.6153	18.4823
-14.7799	-24.0436	23.843
-16.4736	-23.8986	29.9645
-17.6454	-21.6959	36.0617
-18.0101	-17.4685	41.0595
-17.4049	-11.9325	44.0379
-15.8723	-6.2227	44.698
-13.649	-1.34742	43.4498
-11.0664	2.1961	41.0739
-8.43604	4.41964	38.3023
-5.98105	5.61343	35.6059
-3.82349	6.12533	33.198
-2.00462	6.24612	31.1262
-0.513484	6.18084	29.3609
0.688809	6.0602	27.8495
1.65249	5.96166	26.5425
2.42926	5.92824	25.4019
3.0671	5.98186	24.4025
3.60801	6.13217	23.5295
4.08743	6.38194	22.7768
4.53448	6.73012	22.1445
4.97258	7.17341	21.638
5.42013	7.70653	21.2672
5.89103	8.32181	21.0454
6.39494	9.00792	20.9892
6.93726	9.74818	21.1171
7.5187	10.5184	21.4478
8.13461	11.285	21.9973
8.77408	12.0035	22.7748
9.41912	12.6188	23.777
10.0442	13.0682	24.9817
10.6169	13.2884	26.3426
11.0998	13.2256	27.7861
11.4547	12.8492	29.2152
11.6476	12.1627	30.5197
11.6552	11.2099	31.5936
11.4699	10.0704	32.3537
11.102	8.84525	32.7547
10.5789	7.63809	32.7937
9.9405	6.53638	32.5052
9.23298	5.60026	31.9475
8.5021	4.85981	31.1886
7.78831	4.31944	30.294
7.12374	3.96587	29.3196
6.53128	3.7764	28.3093
6.02525	3.7256	27.2957
5.61283	3.78981	26.3023
5.29601	3.94948	25.3458
5.07333	4.1901	24.4391
4.94142	4.50206	23.5925
4.89621	4.88003	22.8156
4.93371	5.32201	22.118
5.05053	5.82833	21.5104
5.2441	6.40047	21.0055
5.51257	7.03981	20.6178
5.85457	7.74618	20.3648
6.26866	8.51606	20.2668
6.75253	9.34047	20.3463
7.30198	10.2025	20.6274
7.90954	11.0745	21.1332
8.56291	11.9162	21.8817
9.2434	12.673	22.8806
9.92459	13.2781	24.1195
10.572	13.6576	25.5619
11.144	13.7415	27.1401
11.5958	13.4791	28.7543
11.884	12.8546	30.2815
11.975	11.8991	31.5933
11.851	10.6906	32.5798
11.5155	9.34164	33.1706
10.993	7.97594	33.3468
10.3249	6.70425	33.1374
9.56274	5.60673	32.6059
8.75979	4.72661	31.8312
7.96421	4.07396	30.8915
7.21489	3.63514	29.854
6.53983	3.38341	28.771
5.95659	3.28777	27.6806
5.47402	3.31891	26.609
5.09448	3.45246	25.5739
4.81606	3.67015	24.5882
4.63445	3.95981	23.6611
4.54444	4.31461	22.801
4.54093	4.73205	22.0161
4.61964	5.21288	21.3154
4.77738	5.75992	20.7097
5.01219	6.3769	20.2119
5.32309	7.06715	19.8381
5.70975	7.83201	19.6077
6.17178	8.66882	19.5436
6.70783	9.56848	19.6723
7.31431	10.5124	20.0222
7.98374	11.4691	20.621
8.70287	12.3915	21.4912
9.45068	13.2149	22.6426
10.1967	13.8594	24.0628
10.9007	14.2368	25.7076
11.5138	14.2649	27.4935
11.9834	13.8871	29.2981
12.2602	13.0932	30.973
12.3073	11.932	32.3679
12.1089	10.5088	33.3617
11.675	8.96503	33.8876
11.0402	7.44719	33.943
10.2577	6.07685	33.5805
9.38891	4.93289	32.8864
8.4944	4.04861	31.9569
7.62599	3.42053	30.8801
6.82314	3.02185	29.7267
6.11214	2.81538	28.5481
5.50759	2.76308	27.3791
5.01491	2.83165	26.2423
4.63319	2.99502	25.1518
4.35765	3.23482	24.1171
4.18175	3.53973	23.1452
4.09864	3.90434	22.2424
4.10219	4.32788	21.4151
4.18758	4.81307	20.6711
4.35159	5.36491	20.02
4.59264	5.98965	19.4741
4.91056	6.69352	19.049
5.30624	7.48125	18.7642
5.78098	8.35419	18.6442
6.33558	9.30764	18.7178
6.96901	10.3276	19.018
7.67669	11.3865	19.5798
8.44829	12.4392	20.4357
9.26522	13.4193	21.6085
10.0981	14.2385	23.1
10.9053	14.7925	24.878
11.6334	14.9748	26.8642
12.2206	14.6999	28.9293
12.6054	13.9314	30.902
12.7371	12.7044	32.5966
12.5878	11.1298	33.8521
12.1604	9.37375	34.5697
11.4896	7.61828	34.7319
10.6348	6.01973	34.3951
9.66856	4.68154	33.6629
8.66313	3.64807	32.654
7.6811	2.91524	31.4767
6.76982	2.4486	30.2163
5.96036	2.20055	28.9328
5.26932	2.12289	27.6647
4.70208	2.17388	26.435
4.25633	2.32114	25.257
3.92525	2.542	24.138
3.69995	2.82245	23.0827
3.57132	3.15559	22.0948
3.53119	3.54016	21.1781
3.57307	3.97912	20.3377
3.69248	4.47854	19.58
3.88707	5.04658	18.914
4.1565	5.69259	18.3518
4.50225	6.42605	17.909
4.92713	7.25521	17.6065
5.4347	8.18517	17.4707
6.02827	9.21514	17.5344
6.70958	10.3345	17.8364
7.47683	11.518	18.4204
8.32208	12.7194	19.3303
9.22809	13.8662	20.6021
10.1649	14.8567	22.2509
11.0869	15.5639	24.2531
11.9326	15.851	26.5282
12.6281	15.6002	28.9283
13.0964	14.7518	31.2455
13.2718	13.3384	33.2455
13.1162	11.4943	34.7215
12.6305	9.43044	35.5476
11.8565	7.37886	35.7064
10.8679	5.53493	35.278
9.75394	4.02071	34.4007
8.60221	2.87956	33.2261
7.48628	2.09393	31.8861
6.45953	1.61136	30.4786
5.55474	1.36735	29.0677
4.78717	1.30042	27.6908
4.1591	1.35969	26.3673
3.66436	1.5071	25.1062
3.29216	1.71679	23.9108
3.02999	1.97321	22.782
2.86556	2.26894	21.72
2.78809	2.6027	20.7256
2.78896	2.97783	19.8002
2.86204	3.40104	18.947
3.00381	3.88163	18.1705
3.21324	4.43081	17.478
3.49166	5.06115	16.8797
3.84251	5.78597	16.39
4.27104	6.61839	16.0283
4.78378	7.56981	15.821
5.38779	8.64746	15.8021
6.08952	9.85063	16.015
6.89291	11.165	16.5121
7.79677	12.5552	17.3525
8.791	13.9556	18.5956
9.85197	15.2622	20.2879
10.9375	16.3291	22.4419
11.9833	16.978	25.0083
12.9035	17.0275	27.8499
13.5986	16.344	30.7331
13.972	14.9017	33.3546
13.9536	12.8208	35.4104
13.5208	10.3541	36.6825
12.7079	7.81765	37.101
11.5993	5.49764	36.7472
10.307	3.58244	35.8016
8.94613	2.1441	34.4732
7.61475	1.16188	32.9447
6.38378	0.562152	31.348
5.29592	0.254042	29.7642
4.3699	0.152044	28.2362
3.60694	0.18652	26.7821
2.99715	0.306115	25.4065
2.52471	0.476042	24.1077
2.17165	0.67487	22.8817
1.92039	0.891202	21.7242
1.75515	1.12083	20.6318
1.66277	1.36457	19.6014
1.63295	1.62672	18.6312
1.65829	1.91404	17.7201
1.73415	2.2352	16.8682
1.85844	2.60048	16.0765
2.03146	3.02175	15.3479
2.25576	3.51247	14.687
2.53605	4.08784	14.1012
2.87907	4.76479	13.602
3.29356	5.5617	13.2056
3.79013	6.49779	12.9353
4.38086	7.59146	12.8235
5.07872	8.85741	12.9147
5.89626	10.3015	13.2676
6.84334	11.9123	13.9567
7.92345	13.6491	15.0712
9.12808	15.4259	16.7063
10.4291	17.0944	18.9434
11.7698	18.4352	21.8143
13.0582	19.1706	25.2503
14.1671	19.0183	29.0325
14.948	17.7891	32.7788
15.2629	15.4971	36.0066
15.0251	12.4123	38.2762
14.2328	8.99683	39.3482
12.9734	5.74353	39.2555
11.3977	3.01477	38.2484
9.67622	0.970679	36.6626
7.96006	-0.404185	34.801
6.35964	-1.22661	32.8763
4.94029	-1.64509	31.0092
3.72922	-1.79699	29.253
2.72633	-1.79107	27.6211
1.91476	-1.70528	26.1079
1.26909	-1.59159	24.7012
0.761021	-1.48237	23.3883
0.362871	-1.39649	22.1581
0.0494337	-1.34406	21.0019
-0.201228	-1.32998	19.9133
-0.407678	-1.35646	18.8871
-0.585404	-1.42471	17.9197
-0.7473	-1.53609	17.0083
-0.904243	-1.69279	16.1509
-1.06566	-1.89843	15.3465
-1.24008	-2.15834	14.595
-1.43564	-2.47986	13.8974
-1.66054	-2.87262	13.2562
-1.92348	-3.34875	12.6762
-2.23401	-3.92308	12.1648
-2.60292	-4.61319	11.7338
-3.04246	-5.43924	11.4004
-3.56652	-6.42331	11.1897
-4.19053	-7.58772	11.1372
-4.93096	-8.95183	11.2929
-5.80407	-10.5261	11.7241
-6.82353	-12.3022	12.519
-7.99606	-14.2376	13.7854
-9.3147	-16.2351	15.6421
-10.7491	-18.119	18.1952
-12.2339	-19.6211	21.491
-13.6593	-20.3962	25.4483
-14.8705	-20.0934	29.7903
-15.6871	-18.4917	34.0289
-15.9455	-15.647	37.5601
-15.5536	-11.9486	39.8675
-14.5296	-8.00339	40.7274
-13.0008	-4.40323	40.27
-11.1607	-1.52748	38.8661
-9.21128	0.51079	36.9394
-7.3185	1.79568	34.8297
-5.59292	2.50232	32.7482
-4.09146	2.81609	30.7962
-2.82958	2.89236	29.005
-1.79556	2.84572	27.3703
-0.962608	2.75393	25.8745
-0.297461	2.66644	24.4981
0.234112	2.61305	23.2248
0.664251	2.61083	22.0418
1.02159	2.66929	20.9407
1.3309	2.79405	19.9159
1.6133	2.98925	18.9645
1.88681	3.25915	18.0861
2.16709	3.60921	17.2823
2.46807	4.04657	16.5574
2.80265	4.58039	15.9187
3.18324	5.22173	15.3774
3.62214	5.9831	14.9497
4.13176	6.87746	14.6585
4.72451	7.91631	14.5347
5.41225	9.10659	14.6198
6.20517	10.4456	14.9664
7.10961	11.9134	15.6393
8.12478	13.4627	16.7113
9.23797	15.0068	18.2544
10.4184	16.4089	20.321
11.6112	17.4796	22.9139
12.7333	17.995	25.9486
13.6763	17.7428	29.2223
14.3198	16.5975	32.4144
14.5567	14.5947	35.1429
14.3238	11.9592	37.0703
13.6241	9.05305	38.0124
12.5297	6.25989	37.9874
11.162	3.87113	37.1773
9.6594	2.03049	35.8379
8.14832	0.746407	34.2116
6.72479	-0.0583451	32.4808
5.44962	-0.495149	30.7588
4.35211	-0.674185	29.1043
3.43786	-0.687153	27.5406
2.69699	-0.602567	26.0715
2.11104	-0.467575	24.6923
1.65803	-0.312203	23.3955
1.31578	-0.153856	22.1737
1.06381	-0.00118508	21.0203
0.8844	0.142933	19.9299
0.762873	0.279255	18.8982
0.687574	0.410722	17.9215
0.649623	0.541551	16.9969
0.642591	0.676711	16.1218
0.662166	0.82169	15.294
0.705855	0.982446	14.5117
0.772749	1.1655	13.7734
0.863352	1.37814	13.0783
0.979487	1.62864	12.426
1.12427	1.92664	11.817
1.30214	2.28343	11.2529
1.51899	2.71244	10.737
1.78229	3.2296	10.2747
2.10132	3.85371	9.87487
2.48737	4.60678	9.55077
2.95397	5.51389	9.32253
3.517	6.60258	9.21965
4.19454	7.90094	9.28483
5.00625	9.4336	9.57859
5.97179	11.214	10.1844
7.10765	13.2311	11.2124
8.42147	15.4284	12.7992
9.90278	17.6751	15.0939
11.5098	19.7344	18.2233
13.1538	21.2479	22.2228
14.6882	21.7696	26.9394
15.9124	20.8872	31.948
16.6065	18.4236	36.5684
16.5953	14.6149	40.0538
15.8181	10.1009	41.8953
14.3607	5.67619	42.0376
12.4253	1.96599	40.8398
10.2597	-0.749803	38.841
8.08677	-2.50125	36.5256
6.06543	-3.48717	34.2127
4.28458	-3.94622	32.0611
2.77598	-4.08599	30.1211
1.5329	-4.06079	28.3876
0.526668	-3.97487	26.8343
-0.281303	-3.89409	25.4325
-0.93189	-3.8578	24.1584
-1.46399	-3.88845	22.9948
-1.91248	-3.99839	21.9306
-2.30761	-4.19464	20.9603
-2.67514	-4.48181	20.0823
-3.03695	-4.86404	19.2992
-3.41171	-5.34586	18.6173
-3.81562	-5.9325	18.0471
-4.2629	-6.62943	17.6037
-4.76615	-7.44133	17.3077
-5.3363	-8.37016	17.1864
-5.98219	-9.41214	17.2737
-6.7095	-10.5536	17.6108
-7.51905	-11.7653	18.2435
-8.40425	-12.9959	19.2181
-9.34782	-14.1659	20.5721
-10.3183	-15.1647	22.3195
-11.2672	-15.8551	24.4314
-12.1289	-16.0917	26.8166
-12.8248	-15.7535	29.311
-13.2745	-14.7864	31.6885
-13.4114	-13.2387	33.701
-13.2002	-11.2671	35.1379
-12.6482	-9.10344	35.8824
-11.8055	-6.99221	35.9353
-10.7537	-5.12941	35.3969
-9.58779	-3.62845	34.421
-8.39794	-2.52014	33.167
-7.25764	-1.77509	31.768
-6.21832	-1.33226	30.3191
-5.30994	-1.12212	28.8802
-4.54485	-1.08105	27.4846
-3.9227	-1.15782	26.1484
-3.43525	-1.31501	24.8782
-3.07014	-1.52777	23.6756
-2.81379	-1.78159	22.5402
-2.65319	-2.06994	21.4716
-2.57713	-2.39225	20.4697
-2.57673	-2.75238	19.5353
-2.64577	-3.15742	18.6706
-2.78065	-3.61696	17.8795
-2.98038	-4.14251	17.1682
-3.24636	-4.74711	16.5457
-3.58223	-5.44481	16.0248
-3.99353	-6.24997	15.6235
-4.48736	-7.176	15.366
-5.07172	-8.23334	15.2848
-5.75449	-9.42601	15.4216
-6.5419	-10.7465	15.8286
-7.43601	-12.1682	16.567
-8.4312	-13.6363	17.7026
-9.50941	-15.057	19.2945
-10.6347	-16.2911	21.3758
-11.7482	-17.157	23.9247
-12.7664	-17.4536	26.8328
-13.5864	-17.0087	29.8854
-14.1006	-15.7458	32.7745
-14.2207	-13.7395	35.1605
-13.9032	-11.2242	36.7675
-13.1656	-8.53305	37.4675
-12.0839	-5.99677	37.3061
-10.7728	-3.8536	36.4593
-9.35712	-2.2129	35.1541
-7.94814	-1.07193	33.5999
-6.62919	-0.358942	31.9528
-5.45247	0.0243104	30.3107
-4.44282	0.173879	28.7256
-3.60454	0.169596	27.2196
-2.92857	0.0711811	25.7978
-2.39843	-0.0802928	24.458
-1.99469	-0.258882	23.1948
-1.69783	-0.449978	22.0027
-1.49003	-0.647029	20.8769
-1.35606	-0.848983	19.8132
-1.28362	-1.05847	18.8086
-1.26338	-1.28058	17.8607
-1.28878	-1.52214	16.9678
-1.35581	-1.79134	16.1291
-1.46281	-2.09762	15.3447
-1.61023	-2.45175	14.6157
-1.80056	-2.866	13.9448
-2.0382	-3.3544	13.3366
-2.32947	-3.93299	12.7987
-2.68269	-4.61993	12.3425
-3.10811	-5.43538	11.9846
-3.61797	-6.40092	11.7494
-4.22618	-7.538	11.6711
-4.9478	-8.86486	11.7972
-5.79777	-10.3911	12.1916
-6.78854	-12.1083	12.9375
-7.92605	-13.9763	14.1359
-9.20341	-15.9037	15.8978
-10.592	-17.727	18.3223
-12.0306	-19.1975	21.4541
-13.4171	-19.9944	25.2221
-14.6072	-19.7877	29.3766
-15.4313	-18.359	33.4721
-15.7326	-15.7376	36.9461
-15.4168	-12.2605	39.2996
-14.4908	-8.48197	40.2884
-13.065	-4.96706	39.9967
-11.3174	-2.10154	38.7494
-9.44059	-0.025052	36.9429
-7.59807	1.31779	34.911
-5.90297	2.08156	32.8715
-4.4171	2.44085	30.9362
-3.16114	2.54735	29.1457
-2.12793	2.51581	27.5022
-1.29419	2.42562	25.9923
-0.629219	2.32816	24.5985
-0.10056	2.25476	23.3051
0.322713	2.22352	22.1
0.66837	2.24441	20.974
0.960501	2.32302	19.9211
1.21963	2.46302	18.9374
1.46318	2.6679	18.0209
1.70614	2.94207	17.1716
1.9617	3.29156	16.391
2.24196	3.72442	15.6832
2.55849	4.25096	15.0549
2.92283	4.88371	14.5166
3.34688	5.63707	14.0836
3.84314	6.52652	13.7776
4.42462	7.56703	13.629
5.1044	8.77019	13.6788
5.89466	10.1394	13.9809
6.80463	11.6625	14.6032
7.83736	13.3007	15.6259
8.98482	14.9751	17.1339
10.2211	16.552	19.1996
11.4951	17.8354	21.8513
12.7241	18.5778	25.0306
13.7938	18.5247	28.5488
14.5703	17.4967	32.0732
14.926	15.4845	35.1753
14.7756	12.7018	37.4477
14.1061	9.54399	38.6422
12.986	6.45739	38.7462
11.5451	3.79546	37.9524
9.93829	1.74022	36.5526
8.30937	0.310047	34.83
6.76862	-0.581882	32.997
5.38584	-1.06433	31.1837
4.19447	-1.2647	29.4545
3.20067	-1.28835	27.8326
2.39295	-1.21336	26.319
1.75013	-1.09314	24.9057
1.24707	-0.961728	23.5824
0.858411	-0.839193	22.3393
0.560694	-0.736187	21.1683
0.333384	-0.65741	20.0629
0.159173	-0.604103	19.018
0.0238502	-0.575743	18.0292
-0.0840498	-0.571168	17.0932
-0.173701	-0.589276	16.2069
-0.252457	-0.62946	15.3678
-0.326294	-0.691865	14.5733
-0.400218	-0.777556	13.8217
-0.478612	-0.888632	13.1109
-0.565555	-1.02835	12.4397
-0.665093	-1.20126	11.807
-0.7815	-1.41337	11.2122
-0.919518	-1.67239	10.6554
-1.08461	-1.98801	10.1377
-1.28321	-2.37224	9.66136
-1.52302	-2.83982	9.23069
-1.8133	-3.40861	8.85264
-2.1652	-4.10002	8.5381
-2.59206	-4.93915	8.30374
-3.10972	-5.95466	8.1745
-3.73658	-7.17757	8.18718
-4.49334	-8.63852	8.3951
-5.40205	-10.3619	8.87391
-6.48378	-12.3548	9.72741
-7.75408	-14.5887	11.0909
-9.21498	-16.9706	13.1261
-10.8425	-19.3071	15.9968
-12.5695	-21.2708	19.8115
-14.2692	-22.403	24.525
-15.7478	-22.1979	29.8219
-16.7656	-20.3	35.0629
-17.0955	-16.749	39.4066
-16.6067	-12.0894	42.1266
-15.326	-7.19054	42.9441
-13.4332	-2.86585	42.1122
-11.1927	0.424121	40.2038
-8.86645	2.61249	37.809
-6.65481	3.88319	35.3499
-4.67865	4.50388	33.0507
-2.98923	4.72172	30.9913
-1.58906	4.72479	29.1734
-0.451806	4.64122	27.5673
0.462678	4.55205	26.1378
1.19868	4.5056	24.8549
1.79912	4.52922	23.6968
2.30277	4.63759	22.6498
2.74335	4.83837	21.7066
3.14947	5.13577	20.8656
3.54515	5.53261	20.1297
3.95055	6.03136	19.5061
4.3826	6.63427	19.0068
4.85551	7.34278	18.6481
5.38098	8.15607	18.4519
5.96806	9.06887	18.4454
6.62258	10.0682	18.6609
7.34588	11.1294	19.1343
8.13311	12.2111	19.9016
8.97093	13.251	20.9918
9.8349	14.1635	22.4173
10.6875	14.8427	24.1597
11.4778	15.1734	26.1556
12.1438	15.0532	28.2875
12.6199	14.4217	30.3874
12.8474	13.2883	32.2596
12.7879	11.7455	33.7201
12.4336	9.95494	34.6406
11.8109	8.10966	34.9761
10.9757	6.38747	34.7665
10.0017	4.91535	34.1118
8.96632	3.7564	33.1368
7.93869	2.91738	31.9612
6.97296	2.36731	30.6817
6.10582	2.05702	29.3674
5.35794	1.93416	28.063
4.73718	1.95209	26.795
4.2424	2.07385	25.5782
3.86694	2.27294	24.4205
3.60148	2.53237	23.3261
3.43605	2.84308	22.2981
3.36147	3.20226	21.3395
3.37018	3.61185	20.4539
3.45669	4.07735	19.6466
3.61775	4.60676	18.9248
3.85231	5.20976	18.2985
4.16137	5.89682	17.7809
4.54763	6.6781	17.3902
5.015	7.56195	17.1496
5.56785	8.55268	17.0889
6.20992	9.64726	17.245
6.9427	10.8308	17.6612
7.76312	12.0707	18.3851
8.66059	13.3099	19.4626
9.61335	14.4614	20.9278
10.5848	15.4065	22.7864
11.521	16.0027	24.9957
12.3514	16.1057	27.4456
12.9947	15.6062	29.9524
13.3712	14.4734	32.2772
13.4201	12.785	34.1726
13.1158	10.7241	35.4457
12.4773	8.53534	36.0089
11.5651	6.45837	35.8928
10.4668	4.67128	35.2185
9.27855	3.26528	34.1474
8.08796	2.2523	32.8359
6.96337	1.5911	31.4086
5.9506	1.2155	29.9512
5.07454	1.05566	28.5158
4.3436	1.05022	27.13
3.75476	1.15116	25.8069
3.29814	1.32432	24.5509
2.96063	1.54765	23.3627
2.72845	1.80886	22.2419
2.58884	2.10313	21.1875
2.53099	2.43116	20.1998
2.54659	2.79771	19.2796
2.63001	3.21056	18.4293
2.77826	3.67982	17.6533
2.99091	4.21744	16.9579
3.2699	4.83681	16.3528
3.61938	5.55225	15.8516
4.04533	6.37827	15.4731
4.55522	7.32821	15.243
5.15731	8.412	15.1953
5.85956	9.63252	15.3739
6.66792	10.98	15.833
7.5837	12.424	16.6358
8.5998	13.9039	17.8491
9.69571	15.3181	19.5307
10.8319	16.5185	21.7079
11.9449	17.3154	24.3476
12.9468	17.5053	27.3239
13.731	16.9239	30.402
14.1899	15.515	33.2589
14.2396	13.3821	35.5531
13.8454	10.7858	37.0248
13.0358	8.07197	37.5743
11.8962	5.56567	37.2757
10.5466	3.48689	36.323
9.11272	1.92389	34.9482
7.70277	0.857488	33.3559
6.39547	0.206764	31.6932
5.23817	-0.129527	30.0495
4.25153	-0.24666	28.4704
